,,Adhesives,Applicators,Fasteners,Filler,Finish,Grills,Lagler Parts,Norton Misc.,Numbers,Parts,Prefinished Flooring,Prefinished Trim,Sandpaper,Sandpaper-Belts,Sandpaper-Buffer,Sandpaper-Edger,Sandpaper-Rolls,Sandpaper-Screens,Stair Treads,Tools,Underlayment,Unfinished Flooring,Unfinished Trim,WPC,Wickham Miscellaneous
2019-01-01,8454.329,3309.037,3873.4749999999995,14242.195,5544.759,155067.0020000002,11261.956999999999,2041.6499999999999,321.045,29248.005999999994,5136.621000000001,360028.9380000001,9483.076999999997,9073.937,11333.496000000001,5239.346999999998,20206.162000000008,3415.5579999999995,10320.467000000002,5030.257,6779.952,14928.726999999999,146211.69299999997,22810.368,61176.69100000003,3822.1389999999983
2019-01-02,8454.329,3309.037,3873.4749999999995,14242.195,5544.759,155067.0020000002,11261.956999999999,2041.6499999999999,321.045,29248.005999999994,5136.621000000001,360028.9380000001,9483.076999999997,9073.937,11333.496000000001,5239.346999999998,20206.162000000008,3415.5579999999995,10320.467000000002,5030.257,6779.952,14928.726999999999,146211.69299999997,22810.368,61176.69100000003,3822.1389999999983
2019-01-03,8443.459,3298.037,3839.7549999999997,14142.195,5491.1990000000005,141251.28200000018,10751.259999999998,2041.6499999999999,321.045,28946.505999999994,5136.621000000001,324062.889,9483.076999999997,9014.636999999999,10734.472000000002,5174.943999999998,20090.217000000008,3415.5579999999995,10294.977,5030.257,6711.326,14331.698,129000.34599999999,22588.007,59625.93700000003,3751.4709999999986
2019-01-04,8213.025,3298.037,3839.7549999999997,12958.116999999998,5420.349000000001,135016.70200000005,10734.348,2041.6499999999999,321.045,28946.505999999994,5136.621000000001,319134.47900000005,9483.076999999997,8816.081,10381.466000000004,4984.2869999999975,19647.39000000001,3415.5579999999995,10294.977,5030.257,6695.945,14306.454,128838.14399999999,22407.012000000002,59625.93700000003,3751.4709999999986
2019-01-05,8178.54,3298.037,3746.643,12958.116999999998,5420.349000000001,142657.38500000018,10722.282,2041.6499999999999,321.045,28946.505999999994,5136.621000000001,316789.19400000013,9483.076999999997,8816.081,10347.211000000003,4984.2869999999975,19689.308000000008,3415.5579999999995,10294.977,5030.257,6695.945,14306.454,128838.14399999999,22349.699000000004,57027.12500000003,3751.4709999999986
2019-01-06,8178.54,3298.037,3746.643,12958.116999999998,5420.349000000001,142657.38500000018,10722.282,2041.6499999999999,321.045,28946.505999999994,5136.621000000001,316789.19400000013,9483.076999999997,8816.081,10347.211000000003,4984.2869999999975,19689.308000000008,3415.5579999999995,10294.977,5030.257,6695.945,14306.454,128838.14399999999,22349.699000000004,57027.12500000003,3751.4709999999986
2019-01-07,8178.54,3298.037,3746.643,12958.116999999998,5420.349000000001,142657.38500000018,10722.282,2041.6499999999999,321.045,28946.505999999994,5136.621000000001,316789.19400000013,9483.076999999997,8816.081,10347.211000000003,4984.2869999999975,19689.308000000008,3415.5579999999995,10294.977,5030.257,6695.945,14306.454,128838.14399999999,22349.699000000004,57027.12500000003,3751.4709999999986
2019-01-08,8178.54,3290.037,3717.862,12958.116999999998,5365.939,142241.0470000002,10686.561,2041.6499999999999,321.045,28946.505999999994,5136.621000000001,312004.5980000001,9483.076999999997,8747.081,10308.893,4984.2869999999975,19692.23600000001,3415.5579999999995,10323.675000000001,4437.407,6695.945,14293.832,128712.86299999998,22274.023,56362.64600000003,3751.4709999999986
2019-01-09,8178.54,3050.037,3678.656,12925.027,5365.939,141919.39500000016,11201.066,2041.6499999999999,321.045,28946.505999999994,5136.621000000001,303068.491,9483.076999999997,8747.081,11635.042999999998,5263.310999999998,19845.236000000008,3415.5579999999995,10482.475,4437.407,6660.735,14153.501,128712.86299999998,22108.316,56362.64600000003,3731.1109999999985
2019-01-10,8179.861999999999,2945.307,3652.9030000000002,12925.027,5365.939,141387.45200000022,11187.066,2041.6499999999999,321.045,28911.198999999993,5136.621000000001,297845.44099999993,9449.466999999999,8747.081,11635.042999999998,5263.310999999998,19843.927000000007,3415.5579999999995,10473.184000000001,4437.407,6635.319,13893.667999999998,128712.86299999998,22066.610999999997,56362.64600000003,3731.1109999999985
2019-01-11,8163.914,2945.307,3645.389,12925.027,5365.939,141147.8780000002,11187.066,2041.6499999999999,321.045,28854.708,5136.621000000001,298553.54099999997,9449.466999999999,8747.081,11635.042999999998,5263.310999999998,19843.927000000007,3415.5579999999995,10619.584000000003,4437.407,6635.319,13893.667999999998,128712.86299999998,22039.481,56362.64600000003,3731.1109999999985
2019-01-12,8163.914,2945.307,3645.389,12827.529999999999,5250.087000000001,136132.74400000006,10872.754,2041.6499999999999,321.045,28854.708,5136.621000000001,303900.93100000004,9449.466999999999,8747.081,11579.362999999998,5263.310999999998,19785.22800000001,3320.738,10610.484000000002,6028.347000000001,6635.319,13813.564999999999,116500.728,21891.424000000003,56065.035000000025,3731.1109999999985
2019-01-13,8163.914,2945.307,3645.389,12827.529999999999,5250.087000000001,136132.74400000006,10872.754,2041.6499999999999,321.045,28854.708,5136.621000000001,303900.93100000004,9449.466999999999,8747.081,11579.362999999998,5263.310999999998,19785.22800000001,3320.738,10610.484000000002,6028.347000000001,6635.319,13813.564999999999,116500.728,21891.424000000003,56065.035000000025,3731.1109999999985
2019-01-14,8163.914,2945.307,3645.389,12827.529999999999,5250.087000000001,136132.74400000006,10872.754,2041.6499999999999,321.045,28854.708,5136.621000000001,303900.93100000004,9449.466999999999,8747.081,11579.362999999998,5263.310999999998,19785.22800000001,3320.738,10610.484000000002,6028.347000000001,6635.319,13813.564999999999,116500.728,21891.424000000003,56065.035000000025,3731.1109999999985
2019-01-15,8129.429,2945.307,3642.579,12827.529999999999,5229.404,135533.12200000003,10884.493,2041.6499999999999,315.894,28261.557999999997,5135.271000000001,296637.4809999999,9615.067,8697.780999999999,11579.362999999998,5263.310999999998,19441.728000000006,3320.738,10610.484000000002,6028.347000000001,6635.319,13798.758,118747.22300000001,21758.488999999998,56081.635000000024,3731.1109999999985
2019-01-16,8094.944,2696.192,3631.091,12827.529999999999,5100.612,132187.88200000004,10992.673,2041.6499999999999,315.894,27797.612,5135.271000000001,296943.6329999999,9615.067,8697.780999999999,11579.362999999998,5258.689999999998,19175.835000000003,3320.738,10295.936000000002,6028.347000000001,6635.319,13798.758,120964.773,21588.404,56081.635000000024,3731.1109999999985
2019-01-17,8094.944,2696.192,3631.091,12827.529999999999,5047.474,132121.53800000003,10976.491000000002,2041.6499999999999,315.894,27797.612,5135.271000000001,336188.97900000005,9615.067,8697.780999999999,11579.362999999998,5258.689999999998,19175.835000000003,3320.738,10295.936000000002,6028.347000000001,6635.319,13760.891,128551.86599999998,21581.033,56081.635000000024,3731.1109999999985
2019-01-18,8094.944,2696.192,3621.914,12794.439999999999,5047.474,136438.04900000006,10976.491000000002,2041.6499999999999,315.894,27797.612,5135.271000000001,335119.286,9615.067,8697.780999999999,11410.829999999998,5176.081999999998,19133.846,3320.738,10295.936000000002,6028.347000000001,6635.319,13720.84,119457.37799999997,21284.629999999997,51673.45600000003,3682.650999999999
2019-01-19,8094.944,2696.192,3584.1140000000005,12794.439999999999,4899.897,136121.8990000001,10914.891000000001,2041.6499999999999,315.894,27711.898999999998,5135.271000000001,333148.793,9449.466999999999,8697.780999999999,11263.567,5150.627999999998,19013.906000000003,3320.738,10295.936000000002,6028.347000000001,6436.108,13437.095999999998,119678.82399999996,21225.212,49796.13600000003,3682.650999999999
2019-01-20,8094.944,2696.192,3584.1140000000005,12794.439999999999,4899.897,136121.8990000001,10914.891000000001,2041.6499999999999,315.894,27711.898999999998,5135.271000000001,333148.793,9449.466999999999,8697.780999999999,11263.567,5150.627999999998,19013.906000000003,3320.738,10295.936000000002,6028.347000000001,6436.108,13437.095999999998,119678.82399999996,21225.212,49796.13600000003,3682.650999999999
2019-01-21,8094.944,2696.192,3584.1140000000005,12794.439999999999,4899.897,136121.8990000001,10914.891000000001,2041.6499999999999,315.894,27711.898999999998,5135.271000000001,333148.793,9449.466999999999,8697.780999999999,11263.567,5150.627999999998,19013.906000000003,3320.738,10295.936000000002,6028.347000000001,6436.108,13437.095999999998,119678.82399999996,21225.212,49796.13600000003,3682.650999999999
2019-01-22,7967.044000000001,2696.192,3576.5990000000006,12794.439999999999,4899.897,136121.8990000001,10963.641000000001,2041.6499999999999,310.743,27711.898999999998,5135.271000000001,333148.793,9449.466999999999,8697.780999999999,11263.567,5068.598999999997,19013.906000000003,3320.738,10295.936000000002,5438.347000000001,6300.988,13437.095999999998,118779.31899999997,21212.389,49796.13600000003,3682.650999999999
2019-01-23,7967.044000000001,2696.192,3576.5990000000006,12794.439999999999,4871.457,136080.3190000001,11259.621000000001,2041.6499999999999,310.743,27561.148999999998,5135.271000000001,327217.27300000004,9449.466999999999,8593.780999999999,11224.08,5068.598999999997,18840.906000000003,3320.738,10295.936000000002,5438.347000000001,6300.988,13377.866999999998,118779.31899999997,21199.817,48641.17100000002,3682.650999999999
2019-01-24,7967.044000000001,2696.192,3562.290000000001,11968.989999999998,4871.457,132185.01200000005,11168.792000000001,1945.1399999999999,310.743,26948.561,5028.283,380855.5130000002,9765.367,8537.881,11168.4,5055.691999999998,18817.713,3156.728,10258.623000000001,5438.347000000001,6300.988,13229.795999999998,118779.31899999997,21116.451,48641.17100000002,3364.5609999999992
2019-01-25,7967.044000000001,2688.192,3562.290000000001,11968.989999999998,4853.320000000001,131845.31300000002,11147.947000000002,1945.1399999999999,310.743,26948.561,5017.933000000001,370072.2560000002,9813.407,8478.580999999998,11168.4,5055.691999999998,18775.713000000003,3156.728,10258.623000000001,4842.186000000001,6267.2080000000005,13200.181999999999,118779.31899999997,21083.9,48624.95100000002,3364.5609999999992
2019-01-26,9076.323999999999,2547.5969999999998,3539.169000000001,14604.689999999999,4778.425000000001,128390.061,11417.347000000002,1945.1399999999999,310.743,26948.561,5017.933000000001,372211.0740000002,9813.407,8607.570999999998,11258.017,5521.830999999998,18821.761,3074.408,10521.605000000001,4842.186000000001,6267.2080000000005,13035.681999999999,125803.599,21035.35,48633.251000000026,3364.5609999999992
2019-01-27,9076.323999999999,2547.5969999999998,3539.169000000001,14604.689999999999,4778.425000000001,128390.061,11417.347000000002,1945.1399999999999,310.743,26948.561,5017.933000000001,372211.0740000002,9813.407,8607.570999999998,11258.017,5521.830999999998,18821.761,3074.408,10521.605000000001,4842.186000000001,6267.2080000000005,13035.681999999999,125803.599,21035.35,48633.251000000026,3364.5609999999992
2019-01-28,9076.323999999999,2547.5969999999998,3539.169000000001,14604.689999999999,4778.425000000001,128390.061,11417.347000000002,1945.1399999999999,310.743,26948.561,5017.933000000001,372211.0740000002,9813.407,8607.570999999998,11258.017,5521.830999999998,18821.761,3074.408,10521.605000000001,4842.186000000001,6267.2080000000005,13035.681999999999,125803.599,21035.35,48633.251000000026,3364.5609999999992
2019-01-29,9076.323999999999,2547.5969999999998,3539.169000000001,14604.689999999999,4761.215000000001,128094.26199999999,11317.035000000002,1945.1399999999999,310.743,26927.648999999998,5017.933000000001,380411.6240000002,9813.407,8607.570999999998,11191.015,5521.830999999998,18821.761,3074.408,10521.605000000001,4842.186000000001,6267.2080000000005,12976.452999999998,169493.039,21022.527,47705.91900000002,3364.5609999999992
2019-01-30,9047.954,2547.5969999999998,3530.8190000000004,14604.689999999999,4708.740000000001,125277.22699999998,11231.601,1945.1399999999999,310.743,26927.648999999998,5002.753000000001,375702.9050000002,9551.876999999999,8607.570999999998,11173.315999999999,5631.3179999999975,18821.887,3074.408,10446.858000000002,4842.186000000001,6265.926,12976.452999999998,169493.039,20880.146999999997,47599.19700000003,3364.5609999999992
2019-01-31,9047.954,2547.5969999999998,3513.3070000000007,14604.689999999999,4708.740000000001,124540.67300000001,11075.706,1945.1399999999999,310.743,26927.648999999998,5002.753000000001,374846.80800000014,9551.876999999999,9123.570999999998,11186.557999999999,5632.080999999998,18804.224,3074.71,10786.084000000004,4842.186000000001,6243.843,12961.645999999999,169493.039,20879.182999999994,47599.19700000003,3364.5609999999992
2019-02-01,9034.569,2547.5969999999998,3513.3070000000007,14240.811,4243.207999999999,122371.55700000002,10766.179,1945.1399999999999,310.743,26927.648999999998,5002.753000000001,371572.9780000001,9551.876999999999,9123.570999999998,11132.201999999997,5629.379999999997,18780.424,3074.71,10786.084000000004,4842.186000000001,6243.843,12697.11,163220.751,20860.462999999996,47023.32700000003,3327.620999999999
2019-02-02,8900.714999999998,6713.327,4856.557,14207.721,4225.079999999999,124338.02900000001,10596.866,1945.1399999999999,310.743,26927.648999999998,5002.753000000001,372012.3490000001,9497.506999999998,9123.570999999998,11132.201999999997,5629.379999999997,18780.424,3074.71,10786.084000000004,4828.121,6666.662999999999,12563.846000000001,161825.60799999998,20840.954999999994,47023.32700000003,3327.620999999999
2019-02-03,8900.714999999998,6713.327,4856.557,14207.721,4225.079999999999,124338.02900000001,10596.866,1945.1399999999999,310.743,26927.648999999998,5002.753000000001,372012.3490000001,9497.506999999998,9123.570999999998,11132.201999999997,5629.379999999997,18780.424,3074.71,10786.084000000004,4828.121,6666.662999999999,12563.846000000001,161825.60799999998,20840.954999999994,47023.32700000003,3327.620999999999
2019-02-04,8900.714999999998,6713.327,4856.557,14207.721,4225.079999999999,124338.02900000001,10596.866,1945.1399999999999,310.743,26927.648999999998,5002.753000000001,372012.3490000001,9497.506999999998,9123.570999999998,11132.201999999997,5629.379999999997,18780.424,3074.71,10786.084000000004,4828.121,6666.662999999999,12563.846000000001,161825.60799999998,20840.954999999994,47023.32700000003,3327.620999999999
2019-02-05,8900.714999999998,6713.327,4856.557,14207.721,4207.446999999999,124152.08200000002,10326.944,1945.1399999999999,310.743,25942.154000000002,5002.753000000001,370634.0100000001,9497.506999999998,9123.570999999998,11194.024999999998,5616.627999999998,20127.924000000003,3074.71,10845.751000000002,4828.121,6603.488999999999,12475.004,154494.64199999996,20328.237,46837.08900000003,3327.620999999999
2019-02-06,8900.714999999998,6713.327,4856.557,14207.721,4207.446999999999,124121.11600000004,10230.530999999999,1945.1399999999999,310.743,25942.154000000002,5002.753000000001,356130.28200000006,9497.506999999998,9123.570999999998,11150.151,5616.627999999998,20127.955,2769.5099999999998,10845.751000000002,4828.121,6603.488999999999,12249.363000000001,147621.32199999996,20198.632,46837.08900000003,3327.620999999999
2019-02-07,8900.714999999998,2612.734,4843.5650000000005,14207.721,4136.987,124071.39200000004,10215.233,1945.1399999999999,310.743,25826.309999999998,5002.753000000001,352090.417,9497.506999999998,9123.570999999998,11138.071,5616.627999999998,20127.955,2769.5099999999998,10845.751000000002,4828.121,6603.488999999999,12249.363000000001,138705.38700000002,20166.332000000002,46267.90600000003,3288.3449999999993
2019-02-08,8900.714999999998,2612.734,4839.808,14171.711,4119.273999999999,123336.92000000001,10199.051000000001,1945.1399999999999,310.743,26227.432999999997,4987.573,403223.2270000001,9667.857000000002,9123.570999999998,11125.388,5591.184999999997,20127.955,2769.5099999999998,10845.751000000002,4828.121,6578.314999999999,12219.749,138705.38700000002,20115.448,46110.467000000026,4246.174999999999
2019-02-09,8831.744999999999,2612.734,4839.808,14138.711,5652.802,129447.20500000002,9916.037000000002,1945.1399999999999,310.743,26147.935000000005,4987.573,385663.89700000006,9945.397,9090.204,11125.388,5591.184999999997,20098.493000000002,2664.5699999999997,10550.943000000001,4828.121,6569.242999999999,13600.135000000002,138705.38700000002,19983.812,44250.07300000003,4246.174999999999
2019-02-10,8831.744999999999,2612.734,4839.808,14138.711,5652.802,129447.20500000002,9916.037000000002,1945.1399999999999,310.743,26147.935000000005,4987.573,385663.89700000006,9945.397,9090.204,11125.388,5591.184999999997,20098.493000000002,2664.5699999999997,10550.943000000001,4828.121,6569.242999999999,13600.135000000002,138705.38700000002,19983.812,44250.07300000003,4246.174999999999
2019-02-11,8831.744999999999,2612.734,4839.808,14138.711,5652.802,129447.20500000002,9916.037000000002,1945.1399999999999,310.743,26147.935000000005,4987.573,385663.89700000006,9945.397,9090.204,11125.388,5591.184999999997,20098.493000000002,2664.5699999999997,10550.943000000001,4828.121,6569.242999999999,13600.135000000002,138705.38700000002,19983.812,44250.07300000003,4246.174999999999
2019-02-12,8831.744999999999,2612.734,4811.028,14105.731999999998,5646.192,129175.51900000003,9916.037000000002,1945.1399999999999,310.743,26966.894999999997,4987.573,380533.97200000007,9945.397,9090.204,11095.188000000002,5591.184999999997,19933.019,2664.5699999999997,10442.615000000002,4659.336,6566.650999999999,13511.293000000001,138597.73100000003,22565.911,41196.44400000003,4225.815
2019-02-13,8831.744999999999,2612.734,4803.513000000001,13836.286,5579.224,127963.66400000003,9916.037000000002,1837.71,310.743,26871.532,4987.573,376627.7420000001,9759.957000000002,9090.204,11095.188000000002,5591.184999999997,19880.643,2664.5699999999997,10222.673000000003,4659.336,6560.960999999998,13395.021,140049.25100000002,22534.132999999998,41384.80200000003,4205.954999999999
2019-02-14,8831.744999999999,2612.734,4803.513000000001,13747.135999999999,5579.224,127458.99800000004,9724.651000000002,1837.71,310.743,26422.406000000003,4987.573,376627.7420000001,9759.957000000002,8915.104,11095.188000000002,5406.124999999997,19880.643,2664.5699999999997,10222.673000000003,4619.205,6560.960999999998,13344.532,136476.71100000004,22438.209,41384.80200000003,4205.954999999999
2019-02-15,8693.805999999999,2612.734,4803.513000000001,13747.135999999999,5322.545000000001,128471.39700000003,9593.568000000003,1837.71,310.743,26422.406000000003,4987.573,374658.63400000014,9759.957000000002,8915.104,11095.188000000002,5406.124999999997,19880.643,2664.5699999999997,10222.673000000003,4619.205,6560.960999999998,13344.532,132030.86200000002,22438.209,41064.63700000003,4205.954999999999
2019-02-16,8657.506,2612.734,4797.650000000001,13747.135999999999,5340.258000000001,128238.82200000001,9472.391000000001,1837.71,310.743,26358.121999999996,4987.573,368322.9700000001,9662.627000000002,8829.304,10996.985,5406.124999999997,19749.501,2664.5699999999997,10192.141000000001,4137.633,6544.097999999999,13344.532,128796.66700000002,22370.909,40795.154000000024,4205.954999999999
2019-02-17,8657.506,2612.734,4797.650000000001,13747.135999999999,5340.258000000001,128238.82200000001,9472.391000000001,1837.71,310.743,26358.121999999996,4987.573,368322.9700000001,9662.627000000002,8829.304,10996.985,5406.124999999997,19749.501,2664.5699999999997,10192.141000000001,4137.633,6544.097999999999,13344.532,128796.66700000002,22370.909,40795.154000000024,4205.954999999999
2019-02-18,8657.506,2612.734,4797.650000000001,13747.135999999999,5340.258000000001,128238.82200000001,9472.391000000001,1837.71,310.743,26358.121999999996,4987.573,368322.9700000001,9662.627000000002,8829.304,10996.985,5406.124999999997,19749.501,2664.5699999999997,10192.141000000001,4137.633,6544.097999999999,13344.532,128796.66700000002,22370.909,40795.154000000024,4205.954999999999
2019-02-19,8657.506,2612.734,4797.650000000001,13678.340999999999,5320.9580000000005,127697.57000000002,9751.709000000003,1837.71,310.743,26087.174,4915.1900000000005,363566.684,9445.357,8829.304,10996.985,5406.124999999997,19664.640000000007,2664.5699999999997,10192.141000000001,4137.633,6542.801999999999,13226.563,128796.66700000002,22338.029,40720.58500000002,4185.954999999999
2019-02-20,8657.506,2612.734,4774.517000000001,13678.340999999999,5302.367000000001,127785.59000000004,9751.709000000003,1837.71,310.743,26087.174,4915.1900000000005,380915.0450000001,9364.757,8829.304,10907.794,5406.124999999997,19631.140000000007,2664.5699999999997,10192.141000000001,4504.033,6538.291999999999,13211.756000000001,128796.66700000002,22296.456000000002,39117.34500000002,4185.954999999999
2019-02-21,8623.021,2612.734,4764.570000000001,13678.340999999999,5284.601000000001,124610.00500000003,9734.809000000001,1837.71,310.743,25863.492,4915.1900000000005,401091.3320000001,9480.646,8829.304,10758.013,5395.942999999998,19631.140000000007,2664.5699999999997,10188.623000000001,4504.033,6528.803999999999,13070.756000000001,127451.31800000001,22137.518000000007,39152.91900000002,4185.954999999999
2019-02-22,8623.021,2612.734,4764.570000000001,13678.340999999999,5281.567000000001,124599.01000000004,9720.984,1837.71,310.743,25863.492,4915.1900000000005,395915.32200000016,9480.646,8829.304,11148.113000000003,5395.942999999998,19711.540000000005,2664.5699999999997,10644.123000000001,4504.033,6520.823999999999,13070.756000000001,175512.91799999995,22137.518000000007,39152.91900000002,4185.954999999999
2019-02-23,8609.636,2612.734,4759.943,13347.440999999999,5070.622,119953.44200000002,9704.413,1837.71,308.70300000000003,25863.492,4915.1900000000005,386805.30700000015,9305.546,8829.304,11122.051000000001,5375.639999999998,19711.540000000005,2664.5699999999997,10600.834000000003,4504.033,6520.823999999999,13011.528,175512.91799999995,22031.337000000003,38583.736000000026,4185.954999999999
2019-02-24,8609.636,2612.734,4759.943,13347.440999999999,5070.622,119953.44200000002,9704.413,1837.71,308.70300000000003,25863.492,4915.1900000000005,386805.30700000015,9305.546,8829.304,11122.051000000001,5375.639999999998,19711.540000000005,2664.5699999999997,10600.834000000003,4504.033,6520.823999999999,13011.528,175512.91799999995,22031.337000000003,38583.736000000026,4185.954999999999
2019-02-25,8609.636,2612.734,4759.943,13347.440999999999,5070.622,119953.44200000002,9704.413,1837.71,308.70300000000003,25863.492,4915.1900000000005,386805.30700000015,9305.546,8829.304,11122.051000000001,5375.639999999998,19711.540000000005,2664.5699999999997,10600.834000000003,4504.033,6520.823999999999,13011.528,175512.91799999995,22031.337000000003,38583.736000000026,4185.954999999999
2019-02-26,8609.636,2612.734,4759.943,13347.440999999999,5066.0830000000005,117677.68800000002,9640.073,1837.71,308.70300000000003,25863.492,4915.1900000000005,388200.5970000001,9344.416,8829.304,11122.051000000001,5375.639999999998,19711.540000000005,2664.5699999999997,10597.316000000003,4504.033,6520.823999999999,13011.528,175512.91799999995,22031.337000000003,36886.86200000002,4185.954999999999
2019-02-27,8609.636,2612.734,4759.943,14397.440999999999,5047.947,115968.04800000002,9640.073,1837.71,384.603,25863.492,4915.1900000000005,390173.9070000002,9344.416,8770.003999999999,11253.828999999998,5488.729999999998,19711.540000000005,2485.6349999999998,10551.630000000003,4504.033,6507.983999999999,12893.072,173263.06699999995,22020.333000000006,35357.18300000002,4165.594999999999
2019-02-28,8595.823,2601.734,4673.072,14225.159999999998,4839.136,133837.44000000003,9517.916000000001,1837.71,384.603,26554.0,4915.1900000000005,394317.3770000001,9359.976,8770.003999999999,11025.465999999995,5488.729999999998,19403.398000000005,2485.6349999999998,10540.347000000003,3207.308,6475.476999999998,12806.415,169541.57699999993,22293.899999999998,35282.68800000002,4245.034999999999
2019-03-01,8595.823,2601.734,4673.072,14159.202,4837.676,132554.85100000002,9502.316,1837.71,384.603,26511.468,4915.1900000000005,395788.4340000001,9600.916000000001,8770.003999999999,11025.465999999995,5296.709999999999,19403.398000000005,2485.6349999999998,10528.002000000002,3207.308,6390.218999999999,12667.084,170118.12099999993,22293.899999999998,35282.68800000002,4204.725999999999
2019-03-02,8595.823,2601.734,4673.072,14159.202,4837.676,129429.041,9475.247000000001,1766.21,384.603,26511.468,4915.1900000000005,393814.89400000015,9600.916000000001,8770.003999999999,11025.465999999995,5296.709999999999,19390.348000000005,2485.6349999999998,10528.002000000002,3207.308,6370.695999999999,12667.084,173320.99599999993,22190.163,43964.66200000002,4204.725999999999
2019-03-03,8595.823,2601.734,4673.072,14159.202,4837.676,129429.041,9475.247000000001,1766.21,384.603,26511.468,4915.1900000000005,393814.89400000015,9600.916000000001,8770.003999999999,11025.465999999995,5296.709999999999,19390.348000000005,2485.6349999999998,10528.002000000002,3207.308,6370.695999999999,12667.084,173320.99599999993,22190.163,43964.66200000002,4204.725999999999
2019-03-04,8595.823,2601.734,4673.072,14159.202,4837.676,129429.041,9475.247000000001,1766.21,384.603,26511.468,4915.1900000000005,393814.89400000015,9600.916000000001,8770.003999999999,11025.465999999995,5296.709999999999,19390.348000000005,2485.6349999999998,10528.002000000002,3207.308,6370.695999999999,12667.084,173320.99599999993,22190.163,43964.66200000002,4204.725999999999
2019-03-05,8595.823,2601.734,4673.072,14126.202,4837.676,129289.597,9454.402000000002,1766.21,384.603,26511.468,4915.1900000000005,392745.16900000017,9484.686000000002,8770.003999999999,10972.100999999997,5296.709999999999,19341.498000000003,2485.6349999999998,10528.002000000002,3207.308,6370.695999999999,12637.470000000001,173268.4729999999,22190.163,43641.83800000002,4204.725999999999
2019-03-06,8561.338,2601.734,4673.072,14126.202,4598.836000000001,128661.64700000001,10105.157000000001,1766.21,384.603,26559.316,4915.1900000000005,391849.4890000002,9484.686000000002,8770.003999999999,10937.450999999997,5296.709999999999,19204.873000000003,2485.6349999999998,10528.002000000002,3207.308,6369.4,12637.470000000001,172781.9899999999,22020.071,43662.52300000002,4204.725999999999
2019-03-07,8526.853,2481.734,4431.833,12988.270999999999,4282.790999999999,121438.29000000001,9987.780000000002,1766.21,384.603,24532.817000000003,4915.1900000000005,392241.5490000002,9484.686000000002,8707.003999999999,9448.948999999997,4774.075999999998,18830.760000000002,2215.0950000000003,9007.877,5112.578,6352.329999999999,12580.427,166996.20999999993,21771.496,42774.13200000002,4183.905999999999
2019-03-08,8526.853,2481.734,4431.833,12856.292,4246.027,121081.297,9987.780000000002,1726.01,384.603,23329.237,4913.84,392241.5490000002,9484.686000000002,8679.199,9448.948999999997,4762.046999999999,18830.760000000002,2047.0860000000002,8951.463,4560.698,6352.329999999999,12510.761,181657.2799999999,21400.838000000007,41122.898000000016,4183.905999999999
2019-03-09,8513.467999999999,2481.734,4431.833,12856.292,4246.027,118478.905,10233.280000000002,1726.01,384.603,22422.135000000002,4913.84,394976.9390000002,9380.276,8679.199,9290.770999999997,4762.046999999999,18830.760000000002,2047.0860000000002,8951.463,4560.698,6335.466999999999,12468.525000000001,169853.02099999992,21382.08200000001,41122.898000000016,4163.725999999999
2019-03-10,8513.467999999999,2481.734,4431.833,12856.292,4246.027,118478.905,10233.280000000002,1726.01,384.603,22422.135000000002,4913.84,394976.9390000002,9380.276,8679.199,9290.770999999997,4762.046999999999,18830.760000000002,2047.0860000000002,8951.463,4560.698,6335.466999999999,12468.525000000001,169853.02099999992,21382.08200000001,41122.898000000016,4163.725999999999
2019-03-11,8513.467999999999,2481.734,4431.833,12856.292,4246.027,118478.905,10233.280000000002,1726.01,384.603,22422.135000000002,4913.84,394976.9390000002,9380.276,8679.199,9290.770999999997,4762.046999999999,18830.760000000002,2047.0860000000002,8951.463,4560.698,6335.466999999999,12468.525000000001,169853.02099999992,21382.08200000001,41122.898000000016,4163.725999999999
2019-03-12,8513.467999999999,2481.734,4404.125999999999,12856.292,4175.397,115595.237,10802.622000000005,1726.01,384.603,22422.135000000002,4913.84,392164.15000000014,9380.276,8679.199,10342.841999999999,4762.046999999999,19139.065000000002,2047.0860000000002,9174.958,4560.698,6325.978999999998,12369.223,169149.50699999993,21349.931000000008,41122.898000000016,4163.725999999999
2019-03-13,8513.467999999999,2470.734,4404.125999999999,12784.701,4121.275,115102.90500000003,10977.193000000003,1726.01,379.45200000000006,22405.405,4913.84,435299.3620000002,9726.066000000003,8637.199,10316.4,4756.254999999998,19115.615000000005,2047.0860000000002,9170.436,4560.698,6325.978999999998,12179.402,166091.70899999994,21337.787000000008,40699.86600000001,4265.341999999999
2019-03-14,8478.983,2470.734,4380.9929999999995,12784.701,4119.735,114739.88300000002,10588.412000000004,1726.01,379.45200000000006,25584.405,4913.84,426701.7620000002,9769.856000000003,8496.57,10281.75,4751.703999999998,19115.615000000005,2047.0860000000002,9045.192000000001,4560.698,6316.490999999999,12166.78,151366.60199999996,21495.79900000001,40699.971000000005,4265.341999999999
2019-03-15,8478.983,2470.734,4302.548,12748.690999999999,4083.007,117795.86700000001,10867.412000000002,1726.01,379.45200000000006,24857.311999999998,4913.84,426655.56200000027,9736.146000000002,8496.57,10281.75,4700.789999999998,18964.385000000002,2047.0860000000002,9045.192000000001,4560.698,6316.490999999999,12137.166,154483.34199999998,21412.253000000008,39399.05600000001,4265.341999999999
2019-03-16,8478.983,2470.734,4302.548,12695.331999999999,4083.007,117181.032,10605.012000000002,1726.01,379.45200000000006,24857.311999999998,4901.52,400684.3240000002,9545.696000000002,8496.57,10186.688,4700.789999999998,18914.767,2047.0860000000002,9045.192000000001,4560.698,6302.931,11917.731,152144.76399999997,21374.86400000001,39434.63000000001,4204.393999999998
2019-03-17,8478.983,2470.734,4302.548,12695.331999999999,4083.007,117181.032,10605.012000000002,1726.01,379.45200000000006,24857.311999999998,4901.52,400684.3240000002,9545.696000000002,8496.57,10186.688,4700.789999999998,18914.767,2047.0860000000002,9045.192000000001,4560.698,6302.931,11917.731,152144.76399999997,21374.86400000001,39434.63000000001,4204.393999999998
2019-03-18,8478.983,2470.734,4302.548,12695.331999999999,4083.007,117181.032,10605.012000000002,1726.01,379.45200000000006,24857.311999999998,4901.52,400684.3240000002,9545.696000000002,8496.57,10186.688,4700.789999999998,18914.767,2047.0860000000002,9045.192000000001,4560.698,6302.931,11917.731,152144.76399999997,21374.86400000001,39434.63000000001,4204.393999999998
2019-03-19,8427.402,2470.734,4290.384999999999,12515.928,3935.9269999999997,116640.42400000001,10071.592,1726.01,379.45200000000006,24857.311999999998,4901.52,394652.24300000025,9545.696000000002,8496.57,10186.688,4700.789999999998,18914.767,2047.0860000000002,8819.341000000002,4560.698,6273.294999999999,11831.073,152410.80599999998,21348.897000000008,39362.642000000014,4204.393999999998
2019-03-20,8427.402,2462.734,4285.415,12515.928,3935.9269999999997,116066.721,10100.581000000002,1696.25,379.45200000000006,24369.451999999997,4901.52,396417.46300000016,9545.696000000002,8105.5869999999995,9573.795,4700.789999999998,19055.566000000003,3257.696,8635.404000000002,4560.698,6273.294999999999,11771.844000000001,151878.35599999997,21334.873000000007,45193.168000000005,4204.393999999998
2019-03-21,8420.142,2462.734,4285.415,12350.928,3899.0139999999997,112287.62800000001,10063.257000000001,1678.5,379.45200000000006,27782.451999999997,4901.52,396417.46300000016,9336.656,8105.5869999999995,9573.795,4700.789999999998,19055.566000000003,3257.696,8546.306,4560.698,6273.294999999999,11771.844000000001,152035.92599999998,21334.873000000007,42843.170000000006,4204.393999999998
2019-03-22,8420.142,2228.409,4256.9439999999995,12350.928,3899.0139999999997,111546.153,10063.257000000001,1678.5,379.45200000000006,27782.451999999997,4901.52,384318.7430000002,9336.656,8105.5869999999995,9781.939000000002,4675.374999999999,19373.066000000003,3257.696,9194.406,4560.698,6273.294999999999,11757.037,152035.92599999998,21262.359000000004,42770.46400000001,4204.393999999998
2019-03-23,8282.202999999998,2228.409,4233.49,11900.928,3379.781,108526.773,9972.037,1678.5,379.45200000000006,26310.628000000004,4901.52,373859.79400000017,9302.396,8105.5869999999995,9372.389,4666.272999999999,19322.066000000003,3257.696,8868.794999999998,4560.698,6195.534,11685.186,139350.85599999994,20984.694000000007,41811.09600000001,4184.811999999999
2019-03-24,8282.202999999998,2228.409,4233.49,11900.928,3379.781,108526.773,9972.037,1678.5,379.45200000000006,26310.628000000004,4901.52,373859.79400000017,9302.396,8105.5869999999995,9372.389,4666.272999999999,19322.066000000003,3257.696,8868.794999999998,4560.698,6195.534,11685.186,139350.85599999994,20984.694000000007,41811.09600000001,4184.811999999999
2019-03-25,8282.202999999998,2228.409,4233.49,11900.928,3379.781,108526.773,9972.037,1678.5,379.45200000000006,26310.628000000004,4901.52,373859.79400000017,9302.396,8105.5869999999995,9372.389,4666.272999999999,19322.066000000003,3257.696,8868.794999999998,4560.698,6195.534,11685.186,139350.85599999994,20984.694000000007,41811.09600000001,4184.811999999999
2019-03-26,8221.202999999998,2228.409,4233.49,11829.337000000001,3322.021,108583.028,10196.834,1678.5,379.45200000000006,25640.347,4901.52,375377.2850000002,9490.206,8088.904,9996.867999999999,4640.857999999999,19505.066000000006,3257.696,9028.919999999998,4560.698,6195.534,11672.564,139350.85599999994,20955.989000000005,41811.09600000001,4184.811999999999
2019-03-27,8207.39,2228.409,4218.885,12647.337,3116.706,108090.61300000001,10196.834,1678.5,379.45200000000006,25640.347,4971.000000000001,363538.2460000001,9532.136,8088.904,10047.567999999997,4640.857999999999,19477.566000000006,3257.696,9028.919999999998,4560.698,6195.534,11509.685,146732.23599999995,20931.201,42358.37300000001,4164.502999999999
2019-03-28,8207.39,2217.409,4200.097,12647.337,4702.566000000001,107824.933,10196.834,1678.5,379.45200000000006,25640.347,4971.000000000001,356397.87600000016,9440.636,8088.904,10008.239999999998,4640.857999999999,19477.566000000006,3257.696,9025.401999999998,4560.698,6186.045999999999,11450.456,146732.23599999995,20910.234,42358.37300000001,4148.614999999999
2019-03-29,8207.39,2217.409,4194.341,12647.337,4646.792,107022.988,10196.834,1678.5,379.45200000000006,24595.514000000003,4971.000000000001,385921.9870000002,9361.696,8088.904,10001.31,4631.754999999999,18463.828999999998,3257.696,8922.426999999998,4560.698,6159.263999999999,11272.769,146732.23599999995,20910.234,42358.37300000001,4152.634999999998
2019-03-30,8207.39,2217.409,4168.734,12614.337,4646.792,106594.031,10196.834,1678.5,379.45200000000006,24532.214,4971.000000000001,382052.5620000002,9123.626,8088.904,9982.077999999998,4628.8589999999995,18418.031999999996,3257.696,8917.904999999999,4560.698,6159.263999999999,11245.34,144811.40599999996,20838.101,41221.695000000014,4152.634999999998
2019-03-31,8207.39,2217.409,4168.734,12614.337,4646.792,106594.031,10196.834,1678.5,379.45200000000006,24532.214,4971.000000000001,382052.5620000002,9123.626,8088.904,9982.077999999998,4628.8589999999995,18418.031999999996,3257.696,8917.904999999999,4560.698,6159.263999999999,11245.34,144811.40599999996,20838.101,41221.695000000014,4152.634999999998
2019-04-01,8207.39,2217.409,4168.734,12614.337,4646.792,106594.031,10196.834,1678.5,379.45200000000006,24532.214,4971.000000000001,382052.5620000002,9123.626,8088.904,9982.077999999998,4628.8589999999995,18418.031999999996,3257.696,8917.904999999999,4560.698,6159.263999999999,11245.34,144811.40599999996,20838.101,41221.695000000014,4152.634999999998
2019-04-02,8207.39,2217.409,4168.734,12551.741000000002,4628.894,106302.64000000001,10644.434,1678.5,379.45200000000006,24164.542,4971.000000000001,399735.44200000033,9123.626,8088.904,9982.077999999998,4726.058999999998,18418.031999999996,3257.696,9500.804999999998,4560.698,6159.263999999999,11119.118,144811.40599999996,20805.461,41221.695000000014,4152.634999999998
2019-04-03,8207.39,2217.409,4165.924,12545.141,4591.666,105394.19800000002,10644.434,1678.5,379.45200000000006,23800.769,4971.000000000001,399357.0620000003,9232.256,8088.904,9982.077999999998,4726.058999999998,18388.531999999996,3257.696,9377.105,4560.698,6159.263999999999,11074.697,144811.40599999996,20805.461,41221.695000000014,4152.634999999998
2019-04-04,8207.39,2217.409,4165.924,11262.258,4298.0019999999995,99005.32700000003,10931.134000000002,1678.5,379.45200000000006,23800.769,4901.52,393322.90200000035,9123.516,8088.904,9245.086,4730.808999999998,17476.251,3257.696,8734.885999999999,4560.698,6159.263999999999,8213.3,140688.84999999995,20697.117,40321.90100000001,4132.0909999999985
2019-04-05,8207.39,2217.409,4060.157,11262.258,4298.0019999999995,96332.70700000002,11340.034000000001,1678.5,379.45200000000006,23800.769,4901.52,396484.7750000003,9123.516,8077.782,9687.985999999999,4723.489999999999,18245.851,3257.696,8895.985999999999,4560.698,6149.775999999999,8183.686,116010.83799999996,20699.199,42968.60100000001,4129.5909999999985
2019-04-06,8207.39,2217.409,4060.157,11262.258,4191.025,96259.11900000002,11066.555000000002,1678.5,379.45200000000006,23800.769,4881.200000000001,393458.8750000003,8731.896,8077.782,9688.555999999999,4723.489999999999,18207.851,3257.696,8898.416,4560.698,6120.1399999999985,8183.686,116010.83799999996,22649.770999999997,43085.16100000001,4129.5909999999985
2019-04-07,8207.39,2217.409,4060.157,11262.258,4191.025,96259.11900000002,11066.555000000002,1678.5,379.45200000000006,23800.769,4881.200000000001,393458.8750000003,8731.896,8077.782,9688.555999999999,4723.489999999999,18207.851,3257.696,8898.416,4560.698,6120.1399999999985,8183.686,116010.83799999996,22649.770999999997,43085.16100000001,4129.5909999999985
2019-04-08,8207.39,2217.409,4060.157,11262.258,4191.025,96259.11900000002,11066.555000000002,1678.5,379.45200000000006,23800.769,4881.200000000001,393458.8750000003,8731.896,8077.782,9688.555999999999,4723.489999999999,18207.851,3257.696,8898.416,4560.698,6120.1399999999985,8183.686,116010.83799999996,22649.770999999997,43085.16100000001,4129.5909999999985
2019-04-09,8124.182999999999,2127.909,4056.777,11163.099,4191.025,98425.65000000002,11005.489000000001,3103.9500000000003,379.45200000000006,23337.302000000003,4881.200000000001,376159.5410000003,8731.896,8024.982,10346.435999999998,4705.822999999999,19120.291,3257.696,9461.928999999998,4560.698,6120.1399999999985,8109.65,151748.85899999997,22515.217,41489.87300000002,4109.046999999999
2019-04-10,8124.182999999999,2127.909,4056.777,11163.099,3989.9860000000003,98277.11100000003,11312.490000000003,3103.9500000000003,379.45200000000006,23296.863000000005,4881.200000000001,383924.30600000033,8862.626,8024.982,10337.635999999999,4705.822999999999,18769.657,3257.696,9461.928999999998,4560.698,5930.383999999999,8050.4220000000005,151382.79099999997,22437.601000000002,39420.75200000002,4068.2409999999986
2019-04-11,8120.232999999999,2127.909,4045.05,11005.94,3960.4970000000003,97693.61800000002,11029.517000000003,3103.9500000000003,379.45200000000006,23296.863000000005,4881.200000000001,373774.52600000025,8862.626,8024.982,9904.393,4680.369,18769.657,3257.696,9323.336,4560.698,5824.429999999999,8006.0,151382.79099999997,22380.464000000004,38736.88800000002,4027.3889999999988
2019-04-12,8120.232999999999,2127.909,4045.05,10972.961000000001,3960.4970000000003,94780.51400000001,11029.517000000003,3103.9500000000003,379.45200000000006,23307.641000000003,4881.200000000001,371665.7790000003,8862.626,8024.982,9728.293,4675.630999999999,18769.657,3257.696,9323.336,4560.698,5812.049999999999,8006.0,147378.42399999997,22045.159000000007,38736.88800000002,4027.3889999999988
2019-04-13,7992.818,2127.909,4045.05,10805.166,5500.3369999999995,91894.72800000002,10767.024000000001,3063.7500000000005,379.45200000000006,23242.758,4875.81,361722.9740000003,8862.626,7601.982,9620.731000000003,4656.677,18558.660000000003,3257.696,9323.336,4560.698,5794.550999999999,7795.3060000000005,132176.834,22028.135000000006,38736.88800000002,4027.3889999999988
2019-04-14,7992.818,2127.909,4045.05,10805.166,5500.3369999999995,91894.72800000002,10767.024000000001,3063.7500000000005,379.45200000000006,23242.758,4875.81,361722.9740000003,8862.626,7601.982,9620.731000000003,4656.677,18558.660000000003,3257.696,9323.336,4560.698,5794.550999999999,7795.3060000000005,132176.834,22028.135000000006,38736.88800000002,4027.3889999999988
2019-04-15,7992.818,2127.909,4045.05,10805.166,5500.3369999999995,91894.72800000002,10767.024000000001,3063.7500000000005,379.45200000000006,23242.758,4875.81,361722.9740000003,8862.626,7601.982,9620.731000000003,4656.677,18558.660000000003,3257.696,9323.336,4560.698,5794.550999999999,7795.3060000000005,132176.834,22028.135000000006,38736.88800000002,4027.3889999999988
2019-04-16,7955.465999999999,2116.909,4009.869,10665.69,5392.798,91056.60700000002,10623.818000000003,3063.7500000000005,379.45200000000006,23201.42,4875.81,358384.3440000002,8862.626,7545.737999999999,9590.531000000003,4656.677,14853.785000000003,3257.696,9250.488,4560.698,5732.314999999999,7620.292,126454.52200000001,21881.230000000007,38736.88800000002,4027.3889999999988
2019-04-17,7920.981,2116.909,3998.142,10632.69,5339.231999999999,90513.23600000003,10559.755000000003,3063.7500000000005,379.45200000000006,22584.246,4875.81,356394.1460000002,9162.626,7439.616,10055.931000000002,4656.677,15070.995000000004,3257.696,9348.614,4560.698,5719.687999999999,7535.82,126454.52200000001,21724.359000000008,37459.18200000002,4007.3889999999988
2019-04-18,8507.280999999999,2116.909,3992.279,10136.340000000002,5339.231999999999,89829.38600000003,10880.335000000003,3063.7500000000005,379.45200000000006,22394.72,4875.81,397450.0160000001,9406.326,7439.616,9934.935000000001,4656.677,15070.995000000004,3257.696,9348.614,4560.698,5719.687999999999,7535.82,126670.32700000003,21714.307000000008,37459.18200000002,4006.5829999999987
2019-04-19,7920.981,2116.909,3992.279,10136.340000000002,5339.231999999999,88802.85600000003,10611.127000000004,3063.7500000000005,379.45200000000006,22394.72,4860.63,387859.89600000007,9297.586,7439.616,9814.882000000001,4653.780999999999,14960.151000000003,3257.696,9307.813999999998,4560.698,5656.513999999999,7510.576,127778.75100000002,21482.410000000003,37459.18200000002,4006.5829999999987
2019-04-20,7920.981,2116.909,3992.279,10136.340000000002,5337.639999999999,87109.75200000002,11011.026000000003,3063.7500000000005,379.45200000000006,21475.826999999997,4860.63,383630.68700000015,9416.096,7439.616,9751.282000000001,4614.171,14960.151000000003,3257.696,9252.328,4560.698,5631.940999999999,7214.433,127225.61500000002,21404.160000000007,37459.18200000002,3966.8629999999985
2019-04-21,7920.981,2116.909,3992.279,10136.340000000002,5337.639999999999,87109.75200000002,11011.026000000003,3063.7500000000005,379.45200000000006,21475.826999999997,4860.63,383630.68700000015,9416.096,7439.616,9751.282000000001,4614.171,14960.151000000003,3257.696,9252.328,4560.698,5631.940999999999,7214.433,127225.61500000002,21404.160000000007,37459.18200000002,3966.8629999999985
2019-04-22,7920.981,2116.909,3992.279,10136.340000000002,5337.639999999999,87109.75200000002,11011.026000000003,3063.7500000000005,379.45200000000006,21475.826999999997,4860.63,383630.68700000015,9416.096,7439.616,9751.282000000001,4614.171,14960.151000000003,3257.696,9252.328,4560.698,5631.940999999999,7214.433,127225.61500000002,21404.160000000007,37459.18200000002,3966.8629999999985
2019-04-23,7920.981,2116.909,3992.279,9829.140000000001,5300.2609999999995,86776.98900000002,10803.852000000003,3063.7500000000005,379.45200000000006,21475.826999999997,4860.63,379186.7870000002,9416.096,7439.616,9489.089000000004,4614.171,14682.656000000004,3257.696,9252.328,4560.698,5616.388999999998,7155.204,126910.82600000003,21293.029000000002,36580.30900000002,3966.8629999999985
2019-04-24,7907.168000000001,2116.909,3957.419,9829.140000000001,5279.218999999999,86750.94200000002,10697.691000000003,1638.3,379.45200000000006,21475.826999999997,4860.63,375399.0670000001,9375.836,7439.616,9649.589000000002,4614.171,14788.156000000006,3257.696,9281.928,4560.698,5604.251999999999,7112.968000000001,122024.03600000001,21107.711000000003,36014.80000000002,3946.8629999999985
2019-04-25,8843.168,2116.909,3923.328,9829.140000000001,5135.717999999999,81358.28200000004,10569.831000000002,1638.3,379.45200000000006,21394.517,4860.63,363623.9910000001,9533.836,7955.616,9649.589000000002,4614.171,14715.916000000005,3257.696,9281.928,4560.698,5592.682999999998,6987.4439999999995,116597.23599999999,20798.335,36014.80000000002,3911.912999999998
2019-04-26,8843.168,2116.909,3923.328,9730.140000000001,5117.819999999999,81243.16200000003,10323.744000000002,1638.3,379.45200000000006,21394.517,4860.63,362817.8420000002,9362.336,7955.616,9649.589000000002,4578.040000000001,14715.916000000005,3257.696,9281.928,4560.698,5506.146999999998,6911.71,116597.23599999999,20726.542,36014.80000000002,3911.912999999998
2019-04-27,7810.8640000000005,6188.909000000001,3923.328,9730.140000000001,4913.6179999999995,80629.44800000005,10213.770000000002,1638.3,379.45200000000006,21394.517,4860.63,369068.52400000015,9421.596,7955.616,9560.296,4546.468000000001,14573.065000000004,3257.696,9152.206,4560.698,5506.146999999998,6927.353,116597.23599999999,20561.782000000003,35090.96500000001,3911.912999999998
2019-04-28,7810.8640000000005,6188.909000000001,3923.328,9730.140000000001,4913.6179999999995,80629.44800000005,10213.770000000002,1638.3,379.45200000000006,21394.517,4860.63,369068.52400000015,9421.596,7955.616,9560.296,4546.468000000001,14573.065000000004,3257.696,9152.206,4560.698,5506.146999999998,6927.353,116597.23599999999,20561.782000000003,35090.96500000001,3911.912999999998
2019-04-29,7810.8640000000005,6188.909000000001,3923.328,9730.140000000001,4913.6179999999995,80629.44800000005,10213.770000000002,1638.3,379.45200000000006,21394.517,4860.63,369068.52400000015,9421.596,7955.616,9560.296,4546.468000000001,14573.065000000004,3257.696,9152.206,4560.698,5506.146999999998,6927.353,116597.23599999999,20561.782000000003,35090.96500000001,3911.912999999998
2019-04-30,7776.379000000001,6188.909000000001,3923.328,9692.640000000001,4913.6179999999995,79726.30800000005,10123.134000000002,1638.3,379.45200000000006,22820.754999999997,4860.63,373679.3410000002,9263.596,7955.616,9534.488000000001,4546.468000000001,14559.065000000004,3257.696,9152.206,5328.908,5506.146999999998,6885.117,116597.23599999999,20941.687000000005,34555.345000000016,4006.3529999999982
2019-05-01,7776.379000000001,6188.909000000001,3923.328,9552.240000000002,4872.322,78413.78700000003,10105.510000000002,1638.3,379.45200000000006,22820.754999999997,4860.63,375641.9510000002,9576.126,7938.933,9452.484000000002,4491.330000000001,14473.065000000004,3257.696,9152.206,5328.908,5506.146999999998,6710.103,116543.28499999999,20884.166000000005,34555.345000000016,3965.001999999998
2019-05-02,7767.831,6188.909000000001,3923.328,9354.150000000001,4836.621,77589.42800000001,10049.800000000003,1638.3,379.45200000000006,22820.754999999997,4860.63,368819.17700000014,9354.065999999999,7847.371999999999,9663.284000000001,4482.949,14527.065000000002,3257.696,9306.406,5328.908,5506.146999999998,6648.296,116976.14399999999,20809.384000000002,34598.45200000001,3944.6419999999985
2019-05-03,7698.861,2116.909,3888.8650000000002,9354.150000000001,4866.688999999999,78158.979,10570.791000000003,1638.3,379.45200000000006,22787.684999999998,4860.63,354377.1960000002,9561.135999999999,7768.371999999999,9512.453,4430.709,14518.789000000002,3058.576,9206.019,5328.908,5506.146999999998,6540.763,111659.535,20666.93600000001,34598.45200000001,3904.9219999999987
2019-05-04,7698.861,2116.909,3871.6259999999997,9354.150000000001,4758.072,80830.239,10314.502,1638.3,379.45200000000006,22348.735,4860.63,350734.66100000014,9740.376000000002,7768.371999999999,9380.065,4423.179,14544.441000000004,3058.576,9151.189000000002,5328.908,5506.146999999998,6496.341,111153.951,20696.41700000001,34598.45200000001,3886.451999999999
2019-05-05,7698.861,2116.909,3871.6259999999997,9354.150000000001,4758.072,80830.239,10314.502,1638.3,379.45200000000006,22348.735,4860.63,350734.66100000014,9740.376000000002,7768.371999999999,9380.065,4423.179,14544.441000000004,3058.576,9151.189000000002,5328.908,5506.146999999998,6496.341,111153.951,20696.41700000001,34598.45200000001,3886.451999999999
2019-05-06,7698.861,2116.909,3871.6259999999997,9354.150000000001,4758.072,80830.239,10314.502,1638.3,379.45200000000006,22348.735,4860.63,350734.66100000014,9740.376000000002,7768.371999999999,9380.065,4423.179,14544.441000000004,3058.576,9151.189000000002,5328.908,5506.146999999998,6496.341,111153.951,20696.41700000001,34598.45200000001,3886.451999999999
2019-05-07,7698.861,2116.909,4740.696000000001,9321.150000000001,4952.901999999999,80477.988,10637.852000000003,1638.3,379.45200000000006,22290.862,4860.63,346066.5990000001,9740.376000000002,7768.371999999999,9359.275000000001,4418.441,14442.164000000004,3058.576,9151.189000000002,5328.908,5669.096999999998,6392.6900000000005,111153.951,20599.39000000001,34598.45200000001,3866.451999999999
2019-05-08,7726.656000000001,2116.909,4717.563,9321.150000000001,4952.901999999999,80699.07299999999,10682.024000000003,1638.3,379.45200000000006,22290.862,4860.63,392614.984,9849.186000000002,7597.744,9324.625000000002,4392.9839999999995,14442.164000000004,3058.576,9069.615000000002,5328.908,5639.460999999999,17383.924,110126.864,20537.54600000001,34598.45200000001,4232.931999999999
2019-05-09,8118.696000000001,1734.529,4297.562999999999,10792.171,4952.901999999999,75918.766,10682.024000000003,1638.3,379.45200000000006,21857.887000000002,4860.63,404627.2810000001,10055.996000000001,7597.744,9186.992000000002,4239.884999999999,13584.341000000002,3058.576,8741.957,4537.389,5592.276999999999,17315.921000000002,105721.946,20271.44700000001,34589.962000000014,4142.603999999999
2019-05-10,8118.696000000001,1734.529,4228.637,10792.171,4952.901999999999,75747.33200000001,10949.524000000003,1638.3,379.45200000000006,21872.279000000002,4860.63,397959.2290000001,10055.996000000001,7597.744,9186.992000000002,4239.884999999999,13584.341000000002,3058.576,8702.862000000001,4537.389,5592.276999999999,17315.921000000002,105721.946,20271.44700000001,34589.962000000014,4142.603999999999
2019-05-11,8118.696000000001,1734.529,4225.826999999999,10756.081,4915.0289999999995,77749.59600000003,10930.774000000003,1512.525,379.45200000000006,20948.03,4860.63,379077.9860000001,9563.796,7597.744,9186.992000000002,4231.072999999999,13557.270000000002,3058.576,8699.602,4537.389,5592.276999999999,17141.112,105721.946,20280.312000000016,34589.962000000014,4142.603999999999
2019-05-12,8118.696000000001,1734.529,4225.826999999999,10756.081,4915.0289999999995,77749.59600000003,10930.774000000003,1512.525,379.45200000000006,20948.03,4860.63,379077.9860000001,9563.796,7597.744,9186.992000000002,4231.072999999999,13557.270000000002,3058.576,8699.602,4537.389,5592.276999999999,17141.112,105721.946,20280.312000000016,34589.962000000014,4142.603999999999
2019-05-13,8118.696000000001,1734.529,4225.826999999999,10756.081,4915.0289999999995,77749.59600000003,10930.774000000003,1512.525,379.45200000000006,20948.03,4860.63,379077.9860000001,9563.796,7597.744,9186.992000000002,4231.072999999999,13557.270000000002,3058.576,8699.602,4537.389,5592.276999999999,17141.112,105721.946,20280.312000000016,34589.962000000014,4142.603999999999
2019-05-14,8113.4310000000005,1734.529,4191.364,10756.081,4849.688999999999,77137.45600000002,11009.274000000003,1512.525,379.45200000000006,24760.08,4860.63,375387.81100000016,9563.796,7597.744,8994.232,4242.623,13967.209000000004,3058.576,8723.602,4537.389,5549.297999999998,17141.112,105721.946,21573.46400000001,34491.76400000002,4142.603999999999
2019-05-15,8113.4310000000005,1724.998,4179.881,10693.163,4813.857,75804.982,11071.631000000003,1512.525,379.45200000000006,24760.08,4860.63,410350.98600000015,9995.226,7597.744,8980.372,4242.623,13921.412000000006,3058.576,8705.722,4537.389,5430.589999999998,16951.362999999998,151216.78799999997,21539.483000000007,34491.76400000002,4141.668999999999
2019-05-16,8113.4310000000005,1724.998,4168.154,10651.763,4813.857,75689.641,11071.631000000003,1512.525,374.30100000000004,24760.08,4860.63,398405.08800000016,10457.566,7597.744,8980.372,4242.623,13921.412000000006,3058.576,8705.722,4537.389,5430.589999999998,16896.068,151216.78799999997,21526.660000000007,34491.76400000002,4121.308999999999
2019-05-17,8113.4310000000005,1715.998,4168.154,10644.604000000001,4812.223999999999,75252.68700000002,11013.531000000003,1512.525,374.30100000000004,24087.96,4860.63,379820.63100000017,9981.506,7597.744,8973.442,4242.623,13728.901000000007,3058.576,8705.722,4537.389,5428.169999999999,16589.033,151216.78799999997,21122.245000000006,34707.29700000001,4100.088
2019-05-18,8113.4310000000005,1701.701,4168.154,10630.122000000001,4775.552,74524.848,11013.531000000003,1512.525,374.30100000000004,24046.622000000003,4860.63,379750.70900000015,9981.506,7597.744,8973.442,4242.623,13649.617000000006,3058.576,8705.722,4537.389,5386.1539999999995,16386.094,151216.78799999997,20938.730000000007,34707.29700000001,4100.088
2019-05-19,8113.4310000000005,1701.701,4168.154,10630.122000000001,4775.552,74524.848,11013.531000000003,1512.525,374.30100000000004,24046.622000000003,4860.63,379750.70900000015,9981.506,7597.744,8973.442,4242.623,13649.617000000006,3058.576,8705.722,4537.389,5386.1539999999995,16386.094,151216.78799999997,20938.730000000007,34707.29700000001,4100.088
2019-05-20,8113.4310000000005,1701.701,4168.154,10630.122000000001,4775.552,74524.848,11013.531000000003,1512.525,374.30100000000004,24046.622000000003,4860.63,379750.70900000015,9981.506,7597.744,8973.442,4242.623,13649.617000000006,3058.576,8705.722,4537.389,5386.1539999999995,16386.094,151216.78799999997,20938.730000000007,34707.29700000001,4100.088
2019-05-21,8504.883,1514.241,3755.3439999999996,10583.922,4023.3630000000003,128574.33000000002,10825.965000000002,1512.525,369.15000000000003,24046.622000000003,4791.857,405497.55600000016,10319.086000000001,7823.544,8964.681999999999,4237.222,13646.497000000007,3058.576,8581.408,5359.478999999999,5368.8859999999995,16266.579000000002,154115.822,20938.730000000007,52478.194000000025,4079.6489999999994
2019-05-22,7915.319,1514.241,3755.3439999999996,10567.982999999998,4023.3630000000003,123590.30200000001,11260.465000000002,1512.525,369.15000000000003,24046.622000000003,4791.857,394211.84900000016,10478.926000000001,7823.544,8964.681999999999,4237.222,13646.497000000007,3058.576,8581.408,5359.478999999999,5354.047999999999,16221.760999999999,146183.06,20739.140000000003,47185.04800000003,4079.6489999999994
2019-05-23,9500.819,1514.241,3720.881,10341.204,3986.1490000000003,120815.44200000002,11161.356000000002,1512.525,369.15000000000003,24046.622000000003,4781.697,375567.4290000002,10851.606,8310.344000000001,8340.181999999999,4178.676,13150.015000000003,3058.576,8542.312999999998,4494.152,5354.047999999999,16162.003,146125.82499999998,20671.350000000006,47185.04800000003,4079.6489999999994
2019-05-24,9500.819,1514.241,3720.881,10341.204,3986.1490000000003,120760.31000000001,11132.227,1512.525,369.15000000000003,24046.622000000003,4781.697,374834.97900000017,10851.606,8310.344000000001,8340.181999999999,4178.676,13150.015000000003,3058.576,8542.312999999998,4494.152,5354.047999999999,16162.003,146068.591,20671.350000000006,47185.04800000003,4079.6489999999994
2019-05-25,8927.035,1243.9070000000002,3697.748,11571.585,3912.7220000000007,119444.886,11017.946000000002,1512.525,369.15000000000003,23337.137000000002,4781.697,378695.64500000025,11148.086000000001,8066.944,8098.451999999999,4178.676,13338.415000000003,3058.576,8535.613,4018.3890000000006,5222.758,16034.242999999999,143319.26799999998,20516.085000000006,46212.80000000003,4059.2099999999996
2019-05-26,8927.035,1243.9070000000002,3697.748,11571.585,3912.7220000000007,119444.886,11017.946000000002,1512.525,369.15000000000003,23337.137000000002,4781.697,378695.64500000025,11148.086000000001,8066.944,8098.451999999999,4178.676,13338.415000000003,3058.576,8535.613,4018.3890000000006,5222.758,16034.242999999999,143319.26799999998,20516.085000000006,46212.80000000003,4059.2099999999996
2019-05-27,8927.035,1243.9070000000002,3697.748,11571.585,3912.7220000000007,119444.886,11017.946000000002,1512.525,369.15000000000003,23337.137000000002,4781.697,378695.64500000025,11148.086000000001,8066.944,8098.451999999999,4178.676,13338.415000000003,3058.576,8535.613,4018.3890000000006,5222.758,16034.242999999999,143319.26799999998,20516.085000000006,46212.80000000003,4059.2099999999996
2019-05-28,8927.035,1243.9070000000002,3697.748,11571.585,3912.7220000000007,119444.886,11017.946000000002,1512.525,369.15000000000003,23337.137000000002,4781.697,378695.64500000025,11148.086000000001,8066.944,8098.451999999999,4178.676,13338.415000000003,3058.576,8535.613,4018.3890000000006,5222.758,16034.242999999999,143319.26799999998,20516.085000000006,46212.80000000003,4059.2099999999996
2019-05-29,7486.735000000001,4452.645,3686.021,11855.785,3912.7220000000007,118736.46300000002,10899.010000000002,1512.525,369.15000000000003,23207.033000000003,4781.697,400345.6290000002,11516.756000000001,8066.944,8153.531999999999,4178.676,13290.415000000003,3058.576,8535.613,4018.3890000000006,5222.758,15844.276999999998,143514.193,20503.918000000005,44212.988000000034,4019.2099999999996
2019-05-30,7486.735000000001,4452.645,3652.301,11065.829000000002,3912.7220000000007,121624.23200000003,10899.010000000002,1512.525,369.15000000000003,23207.033000000003,4781.697,395589.4000000002,11287.156,8066.944,8012.915999999998,4095.1760000000004,13085.994000000002,3058.576,8535.613,4018.3890000000006,5213.2699999999995,15799.458999999999,141195.90399999998,20456.203000000005,44212.988000000034,3999.6279999999997
2019-05-31,7486.735000000001,4433.583,3652.301,11032.829000000002,3801.081,119807.75000000003,10899.010000000002,1512.525,369.15000000000003,23207.033000000003,4781.697,383428.2160000002,10811.796,8066.944,8012.915999999998,4095.1760000000004,13085.994000000002,3058.576,8535.613,4018.3890000000006,5213.2699999999995,15327.444,140715.90399999998,20448.823000000004,43136.49700000003,3979.0889999999995
2019-06-01,7486.735000000001,4433.583,3658.6009999999997,10882.649000000001,3801.081,120736.30200000003,10833.707000000002,1512.525,369.15000000000003,23207.033000000003,4781.697,378970.1090000001,10756.291000000001,7904.744000000001,8012.915999999998,4069.396,13085.994000000002,3058.576,8535.613,4018.3890000000006,5189.066,15297.564999999999,140715.90399999998,20275.819000000003,37017.00200000003,3979.0889999999995
2019-06-02,7486.735000000001,4433.583,3658.6009999999997,10882.649000000001,3801.081,120736.30200000003,10833.707000000002,1512.525,369.15000000000003,23207.033000000003,4781.697,378970.1090000001,10756.291000000001,7904.744000000001,8012.915999999998,4069.396,13085.994000000002,3058.576,8535.613,4018.3890000000006,5189.066,15297.564999999999,140715.90399999998,20275.819000000003,37017.00200000003,3979.0889999999995
2019-06-03,7486.735000000001,4433.583,3658.6009999999997,10882.649000000001,3801.081,120736.30200000003,10833.707000000002,1512.525,369.15000000000003,23207.033000000003,4781.697,378970.1090000001,10756.291000000001,7904.744000000001,8012.915999999998,4069.396,13085.994000000002,3058.576,8535.613,4018.3890000000006,5189.066,15297.564999999999,140715.90399999998,20275.819000000003,37017.00200000003,3979.0889999999995
2019-06-04,7486.735000000001,4433.583,3650.0469999999996,10750.649000000001,3779.759,125337.04700000002,10752.078000000003,1512.525,369.15000000000003,22859.795,4781.697,377910.4890000001,10756.291000000001,7904.744000000001,8012.915999999998,4064.658,13085.994000000002,3058.576,8525.752999999999,4018.3890000000006,5127.165999999999,15297.564999999999,139791.104,20256.155000000002,36009.16600000003,3979.0889999999995
2019-06-05,7486.735000000001,4433.583,3650.0469999999996,10677.949000000002,3743.928,124655.62800000001,10722.007000000001,1512.525,369.15000000000003,22055.699,4781.697,377133.96500000014,10756.291000000001,8566.743999999999,7954.2159999999985,4064.658,13056.154000000002,3058.576,8525.752999999999,4018.3890000000006,5097.53,15195.22,139791.104,20139.302000000003,35426.06700000002,3958.7289999999994
2019-06-06,7486.735000000001,4424.583,3634.0669999999996,10502.149,3780.3230000000003,128253.542,10940.944000000003,1512.525,369.15000000000003,22006.093999999997,4742.897,382855.92600000015,10756.291000000001,8566.743999999999,7954.2159999999985,4120.1759999999995,13082.254000000003,3058.576,8518.769999999999,4018.3890000000006,5010.699,15112.278,139064.106,20139.302000000003,35426.06700000002,3939.1469999999995
2019-06-07,11190.939999999997,4419.817,3634.0669999999996,10419.589,3762.4070000000006,124196.84199999999,10940.944000000003,1512.525,369.15000000000003,22006.093999999997,4742.897,379758.50900000014,10756.291000000001,8566.743999999999,7665.828999999998,4120.1759999999995,12445.267000000003,3058.576,8118.330000000001,4783.291,5010.699,15014.397,132469.27300000002,20139.302000000003,35426.06700000002,3939.1469999999995
2019-06-08,7452.25,4419.817,3634.0669999999996,10188.589,3762.4070000000006,124994.11899999999,11229.444000000001,1512.525,369.15000000000003,22006.093999999997,4742.897,381866.42900000006,10756.291000000001,8566.743999999999,7665.828999999998,4120.1759999999995,12445.267000000003,3058.576,8000.810000000001,4783.291,5010.699,14924.759999999998,132205.36300000004,19917.854000000003,34779.03700000001,3939.1469999999995
2019-06-09,7452.25,4419.817,3634.0669999999996,10188.589,3762.4070000000006,124994.11899999999,11229.444000000001,1512.525,369.15000000000003,22006.093999999997,4742.897,381866.42900000006,10756.291000000001,8566.743999999999,7665.828999999998,4120.1759999999995,12445.267000000003,3058.576,8000.810000000001,4783.291,5010.699,14924.759999999998,132205.36300000004,19917.854000000003,34779.03700000001,3939.1469999999995
2019-06-10,7452.25,4419.817,3634.0669999999996,10188.589,3762.4070000000006,124994.11899999999,11229.444000000001,1512.525,369.15000000000003,22006.093999999997,4742.897,381866.42900000006,10756.291000000001,8566.743999999999,7665.828999999998,4120.1759999999995,12445.267000000003,3058.576,8000.810000000001,4783.291,5010.699,14924.759999999998,132205.36300000004,19917.854000000003,34779.03700000001,3939.1469999999995
2019-06-11,7452.25,4419.817,3634.0669999999996,10155.61,4821.184,124695.309,11073.446000000002,1745.6950000000002,369.15000000000003,21749.799,4742.897,374950.1060000001,10756.291000000001,8503.744,7459.348999999998,4120.1759999999995,12438.370000000004,3058.576,7936.963000000002,4783.291,5001.679,14886.635999999999,131996.00300000006,19925.942000000003,33114.06900000001,3939.1469999999995
2019-06-12,7452.25,4419.817,3634.0669999999996,10155.61,4763.424000000001,123880.09699999998,11094.053000000002,1745.6950000000002,369.15000000000003,21832.475,4742.897,375302.8860000001,10756.291000000001,8437.544,6976.123999999998,4120.1759999999995,12038.352000000004,3058.576,7936.963000000002,4783.291,4899.586000000001,14797.0,136859.29300000006,19887.685,29843.29700000001,3939.1469999999995
2019-06-13,7452.25,4419.817,3626.551999999999,10122.61,4706.153,123364.01,11077.606000000002,1745.6950000000002,369.15000000000003,21397.828,4742.897,370069.77100000007,10756.291000000001,8437.544,7293.073999999998,3973.5959999999995,12607.952000000005,3058.576,8188.563000000002,4783.291,4899.586000000001,14728.998,143440.09300000005,19826.934,28661.732000000007,3939.1469999999995
2019-06-14,7452.25,4419.817,3579.644,10114.33,4543.9220000000005,118256.345,11241.068000000001,1745.6950000000002,369.15000000000003,21364.758,4742.897,395660.1160000001,11021.561,8312.043999999998,7293.073999999998,3885.5619999999994,12529.603000000005,3058.576,8154.763000000002,5631.421,4899.586000000001,14728.998,136845.26000000004,23820.095000000005,28661.732000000007,3907.370999999999
2019-06-15,7417.765,4419.817,3579.644,9784.33,4543.9220000000005,118077.01599999999,11213.366,1745.6950000000002,369.15000000000003,21121.939,4742.897,384991.3510000001,10756.291000000001,8312.043999999998,7280.2869999999975,3881.1559999999995,12481.603000000005,3058.576,8154.763000000002,5587.897000000001,4855.275000000001,14669.240000000002,136845.26000000004,23390.703000000005,32840.272000000004,3886.149999999999
2019-06-16,7417.765,4419.817,3579.644,9784.33,4543.9220000000005,118077.01599999999,11213.366,1745.6950000000002,369.15000000000003,21121.939,4742.897,384991.3510000001,10756.291000000001,8312.043999999998,7280.2869999999975,3881.1559999999995,12481.603000000005,3058.576,8154.763000000002,5587.897000000001,4855.275000000001,14669.240000000002,136845.26000000004,23390.703000000005,32840.272000000004,3886.149999999999
2019-06-17,7417.765,4419.817,3579.644,9784.33,4543.9220000000005,118077.01599999999,11213.366,1745.6950000000002,369.15000000000003,21121.939,4742.897,384991.3510000001,10756.291000000001,8312.043999999998,7280.2869999999975,3881.1559999999995,12481.603000000005,3058.576,8154.763000000002,5587.897000000001,4855.275000000001,14669.240000000002,136845.26000000004,23390.703000000005,32840.272000000004,3886.149999999999
2019-06-18,7400.669,4419.817,3562.0539999999996,9724.930000000002,4536.752,115742.953,11147.293,1598.0120000000002,369.15000000000003,20931.785000000003,4742.897,384561.2530000001,10658.331,8262.744,6805.025999999998,3759.6889999999994,12433.603000000005,3058.576,8016.705000000002,5500.349000000001,4855.275000000001,14596.824,137167.51600000003,23136.480000000003,32840.272000000004,3886.149999999999
2019-06-19,7903.731000000001,4419.817,3505.515,9724.930000000002,4533.594999999999,113733.919,11181.958,1598.0120000000002,369.15000000000003,20905.763,4727.717000000001,384756.7240000001,10728.311000000002,7969.244,6705.148999999998,3671.8699999999994,12181.603000000005,3058.576,7855.866000000001,5500.349000000001,4855.275000000001,14581.885,137167.51600000003,23136.480000000003,31471.119000000002,3886.149999999999
2019-06-20,7903.731000000001,3654.206,3505.515,9006.557,4531.802,112835.44200000001,11075.827000000003,1598.0120000000002,369.15000000000003,20905.763,4727.717000000001,378416.3290000002,10728.311000000002,7941.438,6564.1489999999985,3337.6509999999994,11725.515000000005,2916.536,7807.727000000002,5500.349000000001,4825.639,14569.177,126899.18599999999,23086.961000000003,31496.209000000006,3886.149999999999
2019-06-21,7903.731000000001,3654.206,3488.032,15908.127,4526.956,115426.936,11007.614000000001,1598.0120000000002,369.15000000000003,23123.953,4719.349,363457.52500000014,10498.491,7941.438,6363.797999999999,3337.6509999999994,11636.515000000005,2916.536,7807.727000000002,5500.349000000001,4825.639,14396.599,126899.18599999999,24924.207000000006,31496.209000000006,3886.149999999999
2019-06-22,7845.5790000000015,3654.206,3482.169,15729.377,4508.4,114969.227,11185.338000000002,1598.0120000000002,520.95,23123.953,4892.1990000000005,368863.37800000014,10726.551,7941.438,7735.879,3337.6509999999994,12259.997000000005,2916.536,8020.033000000001,5500.349000000001,4825.639,14321.902,126899.18599999999,24924.207000000006,30464.57200000001,3986.5399999999995
2019-06-23,7845.5790000000015,3654.206,3482.169,15729.377,4508.4,114969.227,11185.338000000002,1598.0120000000002,520.95,23123.953,4892.1990000000005,368863.37800000014,10726.551,7941.438,7735.879,3337.6509999999994,12259.997000000005,2916.536,8020.033000000001,5500.349000000001,4825.639,14321.902,126899.18599999999,24924.207000000006,30464.57200000001,3986.5399999999995
2019-06-24,7845.5790000000015,3654.206,3482.169,15729.377,4508.4,114969.227,11185.338000000002,1598.0120000000002,520.95,23123.953,4892.1990000000005,368863.37800000014,10726.551,7941.438,7735.879,3337.6509999999994,12259.997000000005,2916.536,8020.033000000001,5500.349000000001,4825.639,14321.902,126899.18599999999,24924.207000000006,30464.57200000001,3986.5399999999995
2019-06-25,7845.5790000000015,3654.206,3482.169,15729.377,4499.732999999999,111918.13499999998,11185.338000000002,1598.0120000000002,520.95,23123.953,4892.1990000000005,362154.8680000002,10729.851,7826.527,9942.199000000002,3781.352999999999,13571.004000000004,3011.116,8627.633000000002,5500.349000000001,4762.465,14292.023,126899.18599999999,24859.342000000004,30464.57200000001,3966.1799999999994
2019-06-26,7845.5790000000015,3654.206,3478.4120000000003,15550.627,4463.173,109389.57099999998,11185.338000000002,1598.0120000000002,520.95,23123.953,4829.384,362154.8680000002,10729.851,7837.649,9942.199000000002,3781.352999999999,13518.718000000004,3011.116,8627.633000000002,5500.349000000001,4762.465,14277.084,126846.84599999996,24802.955000000005,30464.57200000001,3966.1799999999994
2019-06-27,7845.5790000000015,3654.206,3444.6920000000005,15550.627,4463.173,108863.22099999999,11152.302000000001,1598.0120000000002,520.95,23123.953,4829.384,369032.26700000017,10789.111,7837.649,9942.199000000002,3778.646999999999,13500.918000000003,3011.116,8627.633000000002,5500.349000000001,4762.465,14179.202,126164.08699999997,24398.52,28880.83000000001,3925.201999999999
2019-06-28,9823.108999999999,3654.206,3444.6920000000005,15246.077000000001,4426.72,107686.83899999999,10859.913000000002,1598.0120000000002,520.95,23139.992000000006,4829.384,376486.34500000026,11277.661,7837.649,8833.191000000003,3762.171,13500.918000000003,3011.116,8371.743000000002,5500.349000000001,4762.465,14108.968,126164.08699999997,24350.933999999997,28924.41000000001,3925.201999999999
2019-06-29,9685.169999999998,4262.617,3444.6920000000005,15210.327000000001,4315.079000000001,104550.549,10734.059000000001,1598.0120000000002,520.95,23114.401000000005,4829.384,363187.10100000026,11206.721,7837.649,8800.389000000003,3756.0609999999997,12872.049000000005,3011.116,7962.005000000002,4562.342000000001,4762.465,14061.918,115854.97499999998,24181.076999999997,28744.99500000001,3925.201999999999
2019-06-30,9685.169999999998,4262.617,3444.6920000000005,15210.327000000001,4315.079000000001,104550.549,10734.059000000001,1598.0120000000002,520.95,23114.401000000005,4829.384,363187.10100000026,11206.721,7837.649,8800.389000000003,3756.0609999999997,12872.049000000005,3011.116,7962.005000000002,4562.342000000001,4762.465,14061.918,115854.97499999998,24181.076999999997,28744.99500000001,3925.201999999999
2019-07-01,9685.169999999998,4262.617,3444.6920000000005,15210.327000000001,4315.079000000001,104550.549,10734.059000000001,1598.0120000000002,520.95,23114.401000000005,4829.384,363187.10100000026,11206.721,7837.649,8800.389000000003,3756.0609999999997,12872.049000000005,3011.116,7962.005000000002,4562.342000000001,4762.465,14061.918,115854.97499999998,24181.076999999997,28744.99500000001,3925.201999999999
2019-07-02,9657.329999999998,4262.617,3427.1020000000003,15048.727,4279.173,106906.26599999999,10734.059000000001,1598.0120000000002,520.95,23085.617000000006,4941.844,356963.7070000002,10845.601,7837.649,8800.389000000003,3756.0609999999997,12872.049000000005,3011.116,7961.963000000002,5420.112,8202.089,14004.392,115854.97499999998,24135.304,28728.015000000007,3904.762999999999
2019-07-03,9657.329999999998,4109.495,3373.0660000000007,15007.327000000001,4279.173,106442.335,10912.448000000002,1598.0120000000002,515.799,23085.617000000006,4941.844,356447.1070000002,10845.601,7837.649,8981.589000000002,3787.1809999999996,12810.200000000004,3011.116,8137.738000000001,6518.372,8167.942999999998,13978.976,112814.26099999997,23768.349,31986.731000000007,3884.902999999999
2019-07-04,9638.252999999997,4243.555,3370.2560000000003,15007.327000000001,4279.173,108542.40100000001,10707.605000000001,1598.0120000000002,515.799,23085.617000000006,4941.844,351772.9400000002,10939.971,7837.649,9041.372000000003,3761.7239999999997,12721.201000000005,3157.536,9071.042000000001,6518.372,8099.662999999998,13810.279,107152.21999999999,23582.461999999996,29555.531000000006,3884.902999999999
2019-07-05,9638.252999999997,4243.555,3370.2560000000003,15007.327000000001,4279.173,108542.40100000001,10707.605000000001,1598.0120000000002,515.799,23085.617000000006,4941.844,351772.9400000002,10939.971,7837.649,9041.372000000003,3761.7239999999997,12721.201000000005,3157.536,9071.042000000001,6518.372,8099.662999999998,13810.279,107152.21999999999,23582.461999999996,29555.531000000006,3884.902999999999
2019-07-06,9638.252999999997,4243.555,3370.2560000000003,15007.327000000001,4279.173,108542.40100000001,10707.605000000001,1598.0120000000002,515.799,23085.617000000006,4941.844,351772.9400000002,10939.971,7837.649,9041.372000000003,3761.7239999999997,12721.201000000005,3157.536,9071.042000000001,6518.372,8099.662999999998,13810.279,107152.21999999999,23582.461999999996,29555.531000000006,3884.902999999999
2019-07-07,9638.252999999997,4243.555,3370.2560000000003,15007.327000000001,4279.173,108542.40100000001,10707.605000000001,1598.0120000000002,515.799,23085.617000000006,4941.844,351772.9400000002,10939.971,7837.649,9041.372000000003,3761.7239999999997,12721.201000000005,3157.536,9071.042000000001,6518.372,8099.662999999998,13810.279,107152.21999999999,23582.461999999996,29555.531000000006,3884.902999999999
2019-07-08,9638.252999999997,4243.555,3370.2560000000003,15007.327000000001,4279.173,108542.40100000001,10707.605000000001,1598.0120000000002,515.799,23085.617000000006,4941.844,351772.9400000002,10939.971,7837.649,9041.372000000003,3761.7239999999997,12721.201000000005,3157.536,9071.042000000001,6518.372,8099.662999999998,13810.279,107152.21999999999,23582.461999999996,29555.531000000006,3884.902999999999
2019-07-09,9415.302999999998,4243.555,3336.536,14833.987,4237.943,108679.36500000002,10649.347000000002,1598.0120000000002,515.799,23085.617000000006,4941.844,341332.0750000002,10910.04,7826.527,9123.197000000002,3759.0179999999996,13048.915000000005,3157.536,9178.442000000001,6518.372,8099.662999999998,13627.224999999999,106042.30999999998,23427.16,29564.761000000006,3844.5049999999987
2019-07-10,9431.762999999997,4243.555,3336.536,14692.987,4205.273,108610.21200000001,10599.022,2162.722,515.799,23085.617000000006,4941.844,340278.11500000017,10910.04,7826.527,10316.296999999999,3759.0179999999996,13048.915000000005,3157.536,9178.442000000001,6518.372,8074.3939999999975,13563.686,106042.30999999998,23374.039,28999.569000000007,3844.5049999999987
2019-07-11,9562.442999999997,4196.395,3336.536,14659.896999999999,4205.273,106714.47200000001,11153.718000000003,2162.722,515.799,23085.617000000006,4941.844,339806.4080000001,10340.86,8855.027,10316.296999999999,3759.0179999999996,13000.982000000005,3157.536,9097.039,6518.372,8319.966999999999,12009.986,103105.81499999999,23224.260000000002,28966.65100000001,3812.0049999999987
2019-07-12,9562.442999999997,4196.395,3315.536,14659.896999999999,4182.11,106375.604,11104.916000000003,2162.722,515.799,23085.617000000006,4941.844,339806.4080000001,10340.86,8855.027,9996.196,3754.2789999999995,12845.292000000003,3157.536,9038.931,6518.372,8319.966999999999,11984.57,103105.81499999999,23143.590000000004,28966.65100000001,3812.0049999999987
2019-07-13,9526.142999999998,4196.395,3315.536,14483.906999999997,4174.14,106198.37899999999,11054.381000000003,2123.059,515.799,23085.617000000006,4941.844,357400.4140000001,10106.257,8511.969,9996.196,3598.0879999999993,12845.292000000003,3157.536,9001.749,6633.8820000000005,4739.617,11984.57,147896.152,22942.432,28929.40300000001,3812.0049999999987
2019-07-14,9526.142999999998,4196.395,3315.536,14483.906999999997,4174.14,106198.37899999999,11054.381000000003,2123.059,515.799,23085.617000000006,4941.844,357400.4140000001,10106.257,8511.969,9996.196,3598.0879999999993,12845.292000000003,3157.536,9001.749,6633.8820000000005,4739.617,11984.57,147896.152,22942.432,28929.40300000001,3812.0049999999987
2019-07-15,9526.142999999998,4196.395,3315.536,14483.906999999997,4174.14,106198.37899999999,11054.381000000003,2123.059,515.799,23085.617000000006,4941.844,357400.4140000001,10106.257,8511.969,9996.196,3598.0879999999993,12845.292000000003,3157.536,9001.749,6633.8820000000005,4739.617,11984.57,147896.152,22942.432,28929.40300000001,3812.0049999999987
2019-07-16,9526.142999999998,5883.535000000001,3276.5150000000003,14483.906999999997,4168.975,105601.94799999999,11491.769000000004,2123.059,515.799,22985.867000000006,4941.844,357231.5670000001,10475.947,8511.969,9988.057,3598.0879999999993,12838.393000000004,3157.536,9001.749,5775.553000000001,5744.5070000000005,11954.690999999999,147305.842,22932.049000000006,28364.021000000004,3791.6969999999988
2019-07-17,9526.142999999998,5414.885,3276.5150000000003,14364.207,4038.6620000000007,105301.27299999999,11525.569000000003,2123.059,515.799,22985.867000000006,4941.844,400380.9010000001,11634.207,8511.969,9988.057,3598.0879999999993,12525.615000000002,3157.536,9001.749,5775.553000000001,5554.752,14044.275,150024.512,22899.396000000004,28364.021000000004,3791.6969999999988
2019-07-18,9526.142999999998,5414.885,3276.5150000000003,14364.207,4038.6620000000007,105231.64399999999,11482.369000000002,2123.059,515.799,22985.867000000006,4941.844,388655.8680000001,11634.207,8511.969,9962.54,3598.0879999999993,12525.615000000002,3157.536,9001.486,5775.553000000001,5533.245,13939.699,148029.84,22886.586000000007,28364.021000000004,3771.4269999999988
2019-07-19,9491.657999999998,5414.885,3276.5150000000003,14364.207,4002.1020000000008,104194.36199999998,11530.084000000003,2123.059,515.799,22985.867000000006,4941.844,383893.69700000004,11634.207,8934.969,9942.928000000002,3593.4459999999995,12627.780000000002,3157.536,9057.286,5775.553000000001,5533.245,13850.063,146511.39499999996,22748.369000000006,28356.101000000006,3740.8979999999992
2019-07-20,11463.203999999996,5414.885,3102.8950000000004,14259.617,3984.142000000001,103493.23400000001,11054.832000000002,2123.059,515.799,22985.867000000006,4941.844,367912.8420000002,10782.297,8907.163,9909.864000000001,3516.1919999999996,12538.001000000002,3011.116,9057.286,5775.553000000001,5528.292,13686.411,131225.16999999998,22668.814000000006,28356.101000000006,3700.2799999999993
2019-07-21,11463.203999999996,5414.885,3102.8950000000004,14259.617,3984.142000000001,103493.23400000001,11054.832000000002,2123.059,515.799,22985.867000000006,4941.844,367912.8420000002,10782.297,8907.163,9909.864000000001,3516.1919999999996,12538.001000000002,3011.116,9057.286,5775.553000000001,5528.292,13686.411,131225.16999999998,22668.814000000006,28356.101000000006,3700.2799999999993
2019-07-22,11463.203999999996,5414.885,3102.8950000000004,14259.617,3984.142000000001,103493.23400000001,11054.832000000002,2123.059,515.799,22985.867000000006,4941.844,367912.8420000002,10782.297,8907.163,9909.864000000001,3516.1919999999996,12538.001000000002,3011.116,9057.286,5775.553000000001,5528.292,13686.411,131225.16999999998,22668.814000000006,28356.101000000006,3700.2799999999993
2019-07-23,11463.203999999996,5414.885,3067.715,14226.527,3966.1890000000008,100621.35600000001,11054.832000000002,2123.059,515.799,22983.017,4941.844,360875.8490000001,10782.297,8907.163,9848.262000000002,3516.1919999999996,12497.501000000002,3011.116,9014.638,5775.553000000001,5555.043,13641.593,131486.11799999996,22665.716000000004,26567.661000000004,3700.2799999999993
2019-07-24,11446.743999999997,4665.045000000001,3067.715,14226.527,3852.5940000000005,99625.01300000002,11054.832000000002,2123.059,515.799,22983.017,4941.844,351631.75700000016,10585.796999999999,8829.841,9818.729000000001,3516.1919999999996,12343.501000000002,3011.116,9014.638,5775.553000000001,5532.6449999999995,13474.161,126896.60999999997,22408.635000000006,26567.661000000004,3700.2799999999993
2019-07-25,11446.743999999997,4655.514,3059.6150000000007,14197.727,3852.5940000000005,104965.644,10889.638000000004,2123.059,515.799,22932.441,4941.844,349778.8770000001,10585.796999999999,8829.841,9722.024000000001,3631.559999999999,14163.219000000005,3011.116,9167.006,6419.763000000001,5473.373999999999,13337.525,153728.063,22294.34700000001,25519.614,3700.2799999999993
2019-07-26,11408.219999999998,4641.217000000001,3004.2250000000004,14120.577000000001,3852.5940000000005,111433.80200000001,10825.946000000004,2123.059,515.799,22483.707000000002,4931.064,348182.70500000013,10585.796999999999,8667.641,9602.247,3606.877999999999,13937.419000000005,3011.116,9044.689,6419.763000000001,5422.083999999999,13230.817,153205.953,22237.52800000001,25519.614,3700.2799999999993
2019-07-27,11399.671999999999,4641.217000000001,2988.9840000000004,13966.047,3810.9070000000006,110757.664,10825.946000000004,2123.059,515.799,22473.265,4931.064,348182.70500000013,10585.796999999999,8667.641,9469.093,3602.050999999999,13654.488000000007,3011.116,9044.689,6419.763000000001,5392.455999999998,13141.18,145713.84000000003,22117.82200000001,25519.614,3700.2799999999993
2019-07-28,11399.671999999999,4641.217000000001,2988.9840000000004,13966.047,3810.9070000000006,110757.664,10825.946000000004,2123.059,515.799,22473.265,4931.064,348182.70500000013,10585.796999999999,8667.641,9469.093,3602.050999999999,13654.488000000007,3011.116,9044.689,6419.763000000001,5392.455999999998,13141.18,145713.84000000003,22117.82200000001,25519.614,3700.2799999999993
2019-07-29,11399.671999999999,4641.217000000001,2988.9840000000004,13966.047,3810.9070000000006,110757.664,10825.946000000004,2123.059,515.799,22473.265,4931.064,348182.70500000013,10585.796999999999,8667.641,9469.093,3602.050999999999,13654.488000000007,3011.116,9044.689,6419.763000000001,5392.455999999998,13141.18,145713.84000000003,22117.82200000001,25519.614,3700.2799999999993
2019-07-30,13933.081999999999,4641.217000000001,2981.469,13635.317000000001,3505.650000000001,111058.45000000001,10740.807000000004,2123.059,515.799,22473.265,5914.8640000000005,345077.46500000014,10585.796999999999,8667.641,9265.407,3602.050999999999,14270.988000000007,3011.116,9116.35,6419.763000000001,5212.500999999998,13036.604,132008.54699999996,21888.621000000017,25519.614,3679.919999999999
2019-07-31,13933.081999999999,8791.216999999999,2981.469,13635.317000000001,3487.094000000001,111058.45000000001,10724.579000000003,2123.059,515.799,22473.265,5914.8640000000005,342411.8470000002,10585.796999999999,8667.641,9176.544,3602.050999999999,14224.488000000007,3011.116,9116.35,6419.763000000001,5212.500999999998,13006.724999999999,162030.81899999996,21798.852000000017,25519.614,3679.919999999999
2019-08-01,13919.268999999997,8791.216999999999,2981.469,13635.317000000001,3427.3670000000006,106429.42700000001,10632.585000000003,2123.059,515.799,22451.655999999995,5914.8640000000005,360527.8070000001,10907.597,8667.641,9354.822,3598.199999999999,14531.757000000005,2809.913,8941.74,6419.763000000001,5087.440999999998,12991.786,156221.30799999996,21629.693000000014,25519.614,3679.919999999999
2019-08-02,13919.268999999997,8791.216999999999,2968.626,13620.999000000002,3425.7730000000006,105571.249,10929.796000000004,2123.059,515.799,22345.261,5914.8640000000005,350100.48700000014,10907.597,8667.641,9341.596,3598.199999999999,14461.869000000006,2809.913,8903.708,6419.763000000001,5057.250999999999,12849.086,155563.00899999996,21613.882000000016,30302.044,3659.649999999999
2019-08-03,14127.938999999997,4723.167,2968.626,13606.681,3425.7730000000006,104964.051,11137.296000000004,2123.059,515.799,22345.261,5949.794,351712.8690000001,11083.047,8667.641,9344.180999999999,3511.2199999999993,13078.980000000003,2809.913,8907.975,6419.763000000001,5057.250999999999,12836.378,151172.19599999997,21586.91500000001,30302.044,3659.649999999999
