,Filler,Finish,Grills,Norton Misc.,Numbers,Prefinished Flooring,Sandpaper,Sandpaper-Belts,Sandpaper-Buffer,Sandpaper-Edger,Sandpaper-Screens,Stair Treads,Unfinished Flooring,Unfinished Trim
2019-01-01,3823.0759999999996,125596.11800000002,5118.59,180.285,25549.950999999997,31792.874000000003,6295.187,5559.91,3623.01,10756.831000000002,6034.254000000001,1261.137,103578.26400000001,17450.520999999997
2019-01-02,3823.0759999999996,125596.11800000002,5118.59,180.285,25549.950999999997,31792.874000000003,6295.187,5559.91,3623.01,10756.831000000002,6034.254000000001,1261.137,103578.26400000001,17450.520999999997
2019-01-03,3769.5159999999996,116580.835,4935.986000000001,180.285,25248.450999999997,28636.928,6235.887,4907.705999999999,3558.6070000000004,10640.886000000002,6001.684,1261.137,97440.755,17278.559999999998
2019-01-04,3698.666,110357.67700000003,4867.0740000000005,180.285,25248.450999999997,26036.698000000004,6142.081,4554.699999999999,3367.9500000000003,10240.988000000001,6001.684,1261.137,93714.913,17097.565
2019-01-05,3698.666,117998.35999999999,4855.008,180.285,25248.450999999997,26036.698000000004,6142.081,4520.445,3367.9500000000003,10282.906,6001.684,1261.137,93714.913,17040.252
2019-01-06,3698.666,117998.35999999999,4855.008,180.285,25248.450999999997,26036.698000000004,6142.081,4520.445,3367.9500000000003,10282.906,6001.684,1261.137,93714.913,17040.252
2019-01-07,3698.666,117998.35999999999,4855.008,180.285,25248.450999999997,26036.698000000004,6142.081,4520.445,3367.9500000000003,10282.906,6001.684,1261.137,93714.913,17040.252
2019-01-08,3644.2560000000003,117589.34199999999,4819.287,180.285,25248.450999999997,26036.698000000004,6073.081,4482.1269999999995,3367.9500000000003,10283.215,6023.719,1261.137,93589.632,16964.576
2019-01-09,3644.2560000000003,117319.99099999998,5377.992,180.285,25248.450999999997,26036.698000000004,6073.081,5808.276999999998,3646.9740000000006,10436.215,6182.519,1261.137,93589.632,16798.869
2019-01-10,3644.2560000000003,116798.82800000002,5363.992,180.285,25213.143999999997,26036.698000000004,6073.081,5808.276999999998,3646.9740000000006,10434.905999999999,6173.228,1261.137,93589.632,16757.164
2019-01-11,3644.2560000000003,116633.14,5363.992,180.285,25156.652999999995,26036.698000000004,6073.081,5808.276999999998,3646.9740000000006,10434.905999999999,6319.628,1261.137,93589.632,16730.034
2019-01-12,3532.943,112029.05400000002,5101.68,180.285,25156.652999999995,26036.698000000004,6073.081,5752.596999999999,3646.9740000000006,10376.207,6319.628,2514.5069999999996,85522.386,16581.977
2019-01-13,3532.943,112029.05400000002,5101.68,180.285,25156.652999999995,26036.698000000004,6073.081,5752.596999999999,3646.9740000000006,10376.207,6319.628,2514.5069999999996,85522.386,16581.977
2019-01-14,3532.943,112029.05400000002,5101.68,180.285,25156.652999999995,26036.698000000004,6073.081,5752.596999999999,3646.9740000000006,10376.207,6319.628,2514.5069999999996,85522.386,16581.977
2019-01-15,3515.23,111429.432,5051.819,175.134,24563.502999999997,26036.698000000004,6023.781,5752.596999999999,3646.9740000000006,10032.707,6319.628,2514.5069999999996,85306.581,16544.189
2019-01-16,3386.438,108392.10100000001,5051.819,175.134,24099.556999999997,26036.698000000004,6023.781,5752.596999999999,3642.3530000000005,9766.814,6005.079999999999,2514.5069999999996,85306.581,16374.103999999998
2019-01-17,3333.3,108337.17900000002,5035.637000000001,175.134,24099.556999999997,52089.25400000001,6023.781,5752.596999999999,3642.3530000000005,9766.814,6005.079999999999,2514.5069999999996,84980.89400000001,16366.732999999995
2019-01-18,3333.3,112660.79,5035.637000000001,175.134,24099.556999999997,51623.41100000001,6023.781,5752.596999999999,3559.7450000000003,9724.825,6005.079999999999,2514.5069999999996,75886.406,16070.329999999996
2019-01-19,3185.723,112344.63999999998,5035.637000000001,175.134,24013.843999999997,51556.848000000005,6023.781,5605.333999999999,3534.2910000000006,9657.962000000001,6005.079999999999,2514.5069999999996,75696.082,16010.911999999997
2019-01-20,3185.723,112344.63999999998,5035.637000000001,175.134,24013.843999999997,51556.848000000005,6023.781,5605.333999999999,3534.2910000000006,9657.962000000001,6005.079999999999,2514.5069999999996,75696.082,16010.911999999997
2019-01-21,3185.723,112344.63999999998,5035.637000000001,175.134,24013.843999999997,51556.848000000005,6023.781,5605.333999999999,3534.2910000000006,9657.962000000001,6005.079999999999,2514.5069999999996,75696.082,16010.911999999997
2019-01-22,3185.723,112344.63999999998,5035.637000000001,169.983,24013.843999999997,51556.848000000005,6023.781,5605.333999999999,3452.262,9657.962000000001,6005.079999999999,2514.5069999999996,75696.082,15998.089
2019-01-23,3185.723,112303.06,5035.637000000001,169.983,23863.093999999997,51490.285,6023.781,5561.084999999999,3452.262,9484.962000000001,6005.079999999999,2514.5069999999996,75696.082,15985.517
2019-01-24,3185.723,108407.75300000001,4944.808000000001,169.983,23250.505999999998,77186.075,5967.880999999999,5505.404999999999,3439.355,9481.169,5967.766999999999,2514.5069999999996,75696.082,15902.150999999998
2019-01-25,3167.586,108068.054,4923.963000000001,169.983,23250.505999999998,77186.075,5908.580999999999,5505.404999999999,3439.355,9439.169,5967.766999999999,2073.066,75696.082,15869.599999999997
2019-01-26,3092.691,104625.07199999999,4923.963000000001,169.983,23250.505999999998,76825.603,5908.580999999999,5595.021999999999,3905.494,9485.217,6230.748999999999,2073.066,73363.09199999999,15821.049999999997
2019-01-27,3092.691,104625.07199999999,4923.963000000001,169.983,23250.505999999998,76825.603,5908.580999999999,5595.021999999999,3905.494,9485.217,6230.748999999999,2073.066,73363.09199999999,15821.049999999997
2019-01-28,3092.691,104625.07199999999,4923.963000000001,169.983,23250.505999999998,76825.603,5908.580999999999,5595.021999999999,3905.494,9485.217,6230.748999999999,2073.066,73363.09199999999,15821.049999999997
2019-01-29,3075.4809999999998,104329.27299999999,4823.651000000001,169.983,23229.593999999997,76825.603,5908.580999999999,5528.019999999999,3905.494,9485.217,6230.748999999999,2073.066,117052.532,15808.226999999997
2019-01-30,3023.006,101512.23799999998,4738.217000000001,169.983,23229.593999999997,76825.603,5908.580999999999,5510.320999999998,4114.4839999999995,9485.343,6156.0019999999995,2073.066,117052.532,15665.846999999994
2019-01-31,3023.006,100784.92399999998,4606.401000000001,169.983,23229.593999999997,75028.41,6424.580999999999,5523.562999999998,4115.247,9487.482000000002,6469.792,2073.066,117052.532,15664.882999999996
2019-02-01,2557.474,98615.80799999999,4557.774,169.983,23229.593999999997,75028.41,6424.580999999999,5469.2069999999985,4112.546,9463.682,6469.792,2073.066,110780.244,15646.162999999997
2019-02-02,2521.626,100809.67299999998,4416.461000000001,169.983,23229.593999999997,75028.41,6424.580999999999,5469.2069999999985,4112.546,9463.682,6469.792,2073.066,109385.101,15626.654999999997
2019-02-03,2521.626,100809.67299999998,4416.461000000001,169.983,23229.593999999997,75028.41,6424.580999999999,5469.2069999999985,4112.546,9463.682,6469.792,2073.066,109385.101,15626.654999999997
2019-02-04,2521.626,100809.67299999998,4416.461000000001,169.983,23229.593999999997,75028.41,6424.580999999999,5469.2069999999985,4112.546,9463.682,6469.792,2073.066,109385.101,15626.654999999997
2019-02-05,2503.9930000000004,100649.34699999998,4146.539000000001,169.983,22652.498,74459.051,6424.580999999999,5531.029999999999,4099.794,10811.182000000003,6529.459,2073.066,104915.015,15113.936999999996
2019-02-06,2503.9930000000004,100618.381,4238.3060000000005,169.983,22652.498,74459.051,6424.580999999999,5487.155999999999,4099.794,10811.213000000002,6529.459,2073.066,104915.015,14984.331999999995
2019-02-07,2503.9930000000004,100568.65699999999,4223.008,169.983,22652.498,71549.811,6424.580999999999,5475.075999999999,4099.794,10811.213000000002,6529.459,2073.066,95999.08,14952.031999999996
2019-02-08,2486.28,99845.59599999998,4206.826000000001,169.983,21951.766,74559.591,6424.580999999999,5462.392999999999,4074.351,10811.213000000002,6529.459,2073.066,95999.08,14901.147999999996
2019-02-09,3858.7930000000006,105967.29299999998,4174.4619999999995,169.983,21872.268,74559.591,6391.213999999999,5462.392999999999,4074.351,10781.751000000002,6234.650999999999,2073.066,95999.08,14769.511999999997
2019-02-10,3858.7930000000006,105967.29299999998,4174.4619999999995,169.983,21872.268,74559.591,6391.213999999999,5462.392999999999,4074.351,10781.751000000002,6234.650999999999,2073.066,95999.08,14769.511999999997
2019-02-11,3858.7930000000006,105967.29299999998,4174.4619999999995,169.983,21872.268,74559.591,6391.213999999999,5462.392999999999,4074.351,10781.751000000002,6234.650999999999,2073.066,95999.08,14769.511999999997
2019-02-12,3858.7930000000006,105695.60699999997,4174.4619999999995,169.983,22939.597,74505.997,6391.213999999999,5432.192999999999,4074.351,10616.277,6126.322999999999,2073.066,95999.08,17351.610999999997
2019-02-13,3823.3950000000004,104495.17299999998,4174.4619999999995,169.983,22844.234,74505.997,6391.213999999999,5432.192999999999,4074.351,10563.901000000002,5947.6810000000005,2073.066,95999.08,17319.832999999995
2019-02-14,3823.3950000000004,103990.50699999998,4032.0590000000007,169.983,22395.108,74505.997,6216.114,5432.192999999999,3889.2910000000006,10563.901000000002,5947.6810000000005,2032.935,95999.08,17223.908999999996
2019-02-15,3657.4360000000006,105002.90599999997,3900.976,169.983,22395.108,74569.25899999999,6216.114,5432.192999999999,3889.2910000000006,10563.901000000002,5947.6810000000005,2032.935,91553.23100000001,17223.908999999996
2019-02-16,3675.1490000000003,104809.86299999997,3793.7990000000004,169.983,22330.824,74569.25899999999,6130.314,5333.989999999999,3889.2910000000006,10432.759000000002,5917.149000000001,1551.3629999999998,88319.03600000002,17156.608999999997
2019-02-17,3675.1490000000003,104809.86299999997,3793.7990000000004,169.983,22330.824,74569.25899999999,6130.314,5333.989999999999,3889.2910000000006,10432.759000000002,5917.149000000001,1551.3629999999998,88319.03600000002,17156.608999999997
2019-02-18,3675.1490000000003,104809.86299999997,3793.7990000000004,169.983,22330.824,74569.25899999999,6130.314,5333.989999999999,3889.2910000000006,10432.759000000002,5917.149000000001,1551.3629999999998,88319.03600000002,17156.608999999997
2019-02-19,3657.3830000000003,104268.61099999999,4073.117,169.983,22330.824,72032.203,6130.314,5333.989999999999,3889.2910000000006,10349.678000000002,5917.149000000001,1551.3629999999998,88319.03600000002,17123.728999999996
2019-02-20,3638.7920000000004,104106.63100000001,4073.117,169.983,22330.824,89315.65299999999,6130.314,5244.798999999999,3889.2910000000006,10316.178000000002,5917.149000000001,1551.3629999999998,88319.03600000002,17082.156
2019-02-21,3621.0260000000003,101281.54599999999,4073.117,169.983,22107.142,89315.65299999999,6130.314,5095.017999999999,3879.109000000001,10316.178000000002,5913.631000000001,1551.3629999999998,86973.687,16949.383
2019-02-22,3621.0260000000003,101270.55099999999,4059.2920000000004,169.983,22107.142,89315.65299999999,6130.314,5485.117999999999,3879.109000000001,10396.578,6369.131,1551.3629999999998,128823.19699999999,16949.383
2019-02-23,3411.7410000000004,97496.50199999998,3978.3810000000003,169.983,22107.142,89315.65299999999,6130.314,5459.056,3863.846,10396.578,6325.842,1551.3629999999998,128823.19699999999,16843.202
2019-02-24,3411.7410000000004,97496.50199999998,3978.3810000000003,169.983,22107.142,89315.65299999999,6130.314,5459.056,3863.846,10396.578,6325.842,1551.3629999999998,128823.19699999999,16843.202
2019-02-25,3411.7410000000004,97496.50199999998,3978.3810000000003,169.983,22107.142,89315.65299999999,6130.314,5459.056,3863.846,10396.578,6325.842,1551.3629999999998,128823.19699999999,16843.202
2019-02-26,3411.7410000000004,95235.38799999999,3978.3810000000003,169.983,22107.142,89315.65299999999,6130.314,5459.056,3863.846,10396.578,6322.324,1551.3629999999998,128823.19699999999,16843.202
2019-02-27,3393.6050000000005,93525.748,3978.3810000000003,169.983,22107.142,89315.65299999999,6071.014,5590.834,3976.936,10396.578,6276.637999999999,1551.3629999999998,128823.19699999999,16832.198
2019-02-28,3184.7940000000003,109389.77499999998,3942.974,169.983,22107.142,89315.65299999999,6071.014,5362.471,3976.936,10097.686000000002,6265.355,807.116,128823.19699999999,17105.765000000003
2019-03-01,3184.7940000000003,108004.18599999999,3942.974,169.983,22064.61,89315.65299999999,6071.014,5362.471,3784.9160000000006,10097.686000000002,6253.01,807.116,128696.95099999999,17105.765000000003
2019-03-02,3184.7940000000003,104938.95499999999,3914.873,169.983,22064.61,89315.65299999999,6071.014,5362.471,3784.9160000000006,10084.636000000002,6253.01,807.116,120790.816,17002.028000000002
2019-03-03,3184.7940000000003,104938.95499999999,3914.873,169.983,22064.61,89315.65299999999,6071.014,5362.471,3784.9160000000006,10084.636000000002,6253.01,807.116,120790.816,17002.028000000002
2019-03-04,3184.7940000000003,104938.95499999999,3914.873,169.983,22064.61,89315.65299999999,6071.014,5362.471,3784.9160000000006,10084.636000000002,6253.01,807.116,120790.816,17002.028000000002
2019-03-05,3184.7940000000003,104799.511,3894.0280000000002,169.983,22064.61,89315.65299999999,6071.014,5309.106,3784.9160000000006,10035.786000000002,6253.01,807.116,120738.29299999999,17002.028000000002
2019-03-06,2945.954,104226.161,4591.183,169.983,22112.458000000002,89315.65299999999,6071.014,5274.456,3784.9160000000006,9983.961000000001,6253.01,807.116,120738.29299999999,16831.936000000005
2019-03-07,2629.909,98210.491,4473.8060000000005,169.983,20085.959000000003,89315.65299999999,6008.014,4334.208999999999,3303.4860000000003,9983.961000000001,4732.885,1971.9859999999999,114952.51299999999,16583.361000000004
2019-03-08,2594.811,97947.49799999999,4473.8060000000005,169.983,19527.729000000003,89315.65299999999,5980.209000000001,4334.208999999999,3291.457,9983.961000000001,4676.4710000000005,1971.9859999999999,114952.51299999999,16260.276000000005
2019-03-09,2594.811,95654.76999999999,4567.056,169.983,18620.627,89315.65299999999,5980.209000000001,4176.030999999999,3291.457,9983.961000000001,4676.4710000000005,1971.9859999999999,114952.51299999999,16241.520000000004
2019-03-10,2594.811,95654.76999999999,4567.056,169.983,18620.627,89315.65299999999,5980.209000000001,4176.030999999999,3291.457,9983.961000000001,4676.4710000000005,1971.9859999999999,114952.51299999999,16241.520000000004
2019-03-11,2594.811,95654.76999999999,4567.056,169.983,18620.627,89315.65299999999,5980.209000000001,4176.030999999999,3291.457,9983.961000000001,4676.4710000000005,1971.9859999999999,114952.51299999999,16241.520000000004
2019-03-12,2524.181,92771.10199999998,4969.998,169.983,18620.627,89315.65299999999,5980.209000000001,5228.101999999999,3291.457,10292.266000000001,4899.966,1971.9859999999999,114952.51299999999,16209.369000000004
2019-03-13,2470.059,92294.845,4859.069,164.832,18603.897,92533.415,5938.209000000001,5201.66,3285.6650000000004,10268.816000000003,4895.444,1971.9859999999999,114952.51299999999,16197.225000000004
2019-03-14,2470.059,91931.82299999999,4793.421,164.832,20778.087,92533.415,5797.58,5167.01,3281.1140000000005,10268.816000000003,4770.2,1971.9859999999999,114952.51299999999,16365.137000000004
2019-03-15,2433.331,95430.15499999998,5072.421,164.832,20050.994,92533.415,5797.58,5167.01,3230.2000000000007,10146.985999999997,4770.2,1971.9859999999999,114952.51299999999,16281.591000000004
2019-03-16,2433.331,94815.31999999998,4976.421,164.832,20050.994,89339.87999999999,5797.58,5139.759,3230.2000000000007,10097.368,4770.2,1971.9859999999999,112613.935,16244.202000000005
2019-03-17,2433.331,94815.31999999998,4976.421,164.832,20050.994,89339.87999999999,5797.58,5139.759,3230.2000000000007,10097.368,4770.2,1971.9859999999999,112613.935,16244.202000000005
2019-03-18,2433.331,94815.31999999998,4976.421,164.832,20050.994,89339.87999999999,5797.58,5139.759,3230.2000000000007,10097.368,4770.2,1971.9859999999999,112613.935,16244.202000000005
2019-03-19,2286.251,94304.23199999999,4599.236,164.832,20050.994,88441.469,5797.58,5139.759,3230.2000000000007,10097.368,4585.649,1971.9859999999999,112613.935,16225.375000000005
2019-03-20,2286.251,93882.449,4586.224999999999,164.832,19563.134,88441.469,5406.597,4594.677,3230.2000000000007,10090.667,4401.712,1971.9859999999999,112613.935,16211.351000000004
2019-03-21,2250.958,90163.935,4548.901000000001,164.832,22976.134000000002,88441.469,5406.597,4594.677,3230.2000000000007,10090.667,4312.6140000000005,1971.9859999999999,112771.505,16211.351000000004
2019-03-22,2250.958,89427.37999999999,4548.901000000001,164.832,22976.134000000002,86844.84899999999,5406.597,5054.877,3204.7850000000008,10408.166999999998,4960.714000000001,1971.9859999999999,112771.505,16138.837000000003
2019-03-23,1731.725,86588.55999999998,4457.681,164.832,22609.864,85345.68,5406.597,4746.727000000001,3195.683000000001,10357.166999999998,4635.103000000001,1971.9859999999999,100086.435,15861.172000000006
2019-03-24,1731.725,86588.55999999998,4457.681,164.832,22609.864,85345.68,5406.597,4746.727000000001,3195.683000000001,10357.166999999998,4635.103000000001,1971.9859999999999,100086.435,15861.172000000006
2019-03-25,1731.725,86588.55999999998,4457.681,164.832,22609.864,85345.68,5406.597,4746.727000000001,3195.683000000001,10357.166999999998,4635.103000000001,1971.9859999999999,100086.435,15861.172000000006
2019-03-26,1673.965,86310.69499999999,4682.478,164.832,21939.583000000002,85457.98099999999,5389.914000000001,5367.845,3170.268000000001,10540.166999999998,4832.303000000001,1971.9859999999999,100086.435,15832.467000000004
2019-03-27,1471.9759999999999,85955.10299999999,4682.478,164.832,21939.583000000002,85457.98099999999,5389.914000000001,5418.544999999999,3170.268000000001,10512.666999999998,4832.303000000001,1971.9859999999999,100086.435,15807.679000000004
2019-03-28,3057.836,85689.423,4682.478,164.832,21939.583000000002,85457.98099999999,5389.914000000001,5379.217,3170.268000000001,10512.666999999998,4828.785000000001,1971.9859999999999,100086.435,15786.712000000003
2019-03-29,3002.062,84902.11799999999,4682.478,164.832,20894.75,85267.25999999998,5389.914000000001,5372.286999999999,3161.165000000001,9498.93,4725.810000000001,1971.9859999999999,100086.435,15786.712000000003
2019-03-30,3002.062,84481.15599999999,4682.478,164.832,20831.45,85331.12499999999,5389.914000000001,5353.055,3158.269000000001,9453.133,4721.2880000000005,1971.9859999999999,100086.435,15714.579000000002
2019-03-31,3002.062,84481.15599999999,4682.478,164.832,20831.45,85331.12499999999,5389.914000000001,5353.055,3158.269000000001,9453.133,4721.2880000000005,1971.9859999999999,100086.435,15714.579000000002
2019-04-01,3002.062,84481.15599999999,4682.478,164.832,20831.45,85331.12499999999,5389.914000000001,5353.055,3158.269000000001,9453.133,4721.2880000000005,1971.9859999999999,100086.435,15714.579000000002
2019-04-02,2984.1639999999998,84189.765,4899.978000000001,164.832,20463.778000000002,85331.12499999999,5389.914000000001,5353.055,3255.469000000001,9453.133,5304.188000000001,1971.9859999999999,100086.435,15681.939000000002
2019-04-03,2948.306,83281.32299999999,4899.978000000001,164.832,20100.005,85331.12499999999,5389.914000000001,5353.055,3255.469000000001,9453.133,5180.488000000001,1971.9859999999999,100086.435,15681.939000000002
2019-04-04,2656.3020000000006,77027.13200000001,5205.678000000001,164.832,20100.005,85331.12499999999,5389.914000000001,4616.063,3260.219000000001,8540.851999999999,4535.468000000001,1971.9859999999999,95963.879,15573.595000000003
2019-04-05,2656.3020000000006,74392.68400000001,5255.188,164.832,20100.005,82798.692,5378.792,5058.963000000002,3252.900000000001,9310.452000000001,4696.568000000001,1971.9859999999999,80728.62599999999,15575.677000000003
2019-04-06,2549.3250000000003,74331.53000000001,5078.259,164.832,20100.005,82798.692,5378.792,5059.533000000001,3252.900000000001,9272.452000000001,4698.998000000001,1971.9859999999999,80728.62599999999,17526.249000000003
2019-04-07,2549.3250000000003,74331.53000000001,5078.259,164.832,20100.005,82798.692,5378.792,5059.533000000001,3252.900000000001,9272.452000000001,4698.998000000001,1971.9859999999999,80728.62599999999,17526.249000000003
2019-04-08,2549.3250000000003,74331.53000000001,5078.259,164.832,20100.005,82798.692,5378.792,5059.533000000001,3252.900000000001,9272.452000000001,4698.998000000001,1971.9859999999999,80728.62599999999,17526.249000000003
2019-04-09,2549.3250000000003,76140.667,5017.192999999999,164.832,19636.538,82734.827,5325.992,5427.013000000001,3247.100000000001,10188.452000000001,5262.511000000001,1971.9859999999999,118256.747,17391.695000000003
2019-04-10,2348.2860000000005,75992.12800000001,5289.924,164.832,19596.099000000002,79902.242,5325.992,5418.213,3247.100000000001,9837.818000000001,5262.511000000001,1971.9859999999999,117783.077,17314.079000000005
2019-04-11,2329.6950000000006,75458.13500000001,5237.051,164.832,19596.099000000002,76316.519,5325.992,5343.7699999999995,3221.646000000001,9837.818000000001,5127.498000000001,1971.9859999999999,117783.077,17256.942000000006
2019-04-12,2329.6950000000006,72545.03100000002,5237.051,164.832,19606.877,76316.519,5325.992,5167.669999999999,3216.908000000001,9837.818000000001,5127.498000000001,1971.9859999999999,113778.71,16921.637000000002
2019-04-13,3869.5350000000003,69659.24500000001,4726.677999999999,164.832,19541.994,76316.519,5217.992,5060.107999999998,3197.954000000001,9626.821,5127.498000000001,1971.9859999999999,106283.428,16904.613000000005
2019-04-14,3869.5350000000003,69659.24500000001,4726.677999999999,164.832,19541.994,76316.519,5217.992,5060.107999999998,3197.954000000001,9626.821,5127.498000000001,1971.9859999999999,106283.428,16904.613000000005
2019-04-15,3869.5350000000003,69659.24500000001,4726.677999999999,164.832,19541.994,76316.519,5217.992,5060.107999999998,3197.954000000001,9626.821,5127.498000000001,1971.9859999999999,106283.428,16904.613000000005
2019-04-16,3761.996,68886.414,4583.019,164.832,19500.656,76316.519,5195.748,5029.907999999999,3197.954000000001,9519.608,5054.6500000000015,1971.9859999999999,100561.11600000001,16757.708000000002
2019-04-17,3708.43,68343.043,4518.955999999999,164.832,18883.482,74228.871,5142.626,5495.307999999998,3197.954000000001,9736.818000000003,5189.850000000001,1971.9859999999999,100561.11600000001,16600.837000000003
2019-04-18,3708.43,67808.126,4635.505999999999,164.832,18693.956000000002,74228.871,5142.626,5374.311999999999,3197.954000000001,9736.818000000003,5189.850000000001,1971.9859999999999,100776.92100000002,16590.785000000003
2019-04-19,3708.43,66781.596,4417.941,164.832,18693.956000000002,74228.871,5142.626,5254.258999999999,3195.0580000000004,9625.974000000002,5189.850000000001,1971.9859999999999,100365.32500000001,16358.888000000004
2019-04-20,3708.43,65362.13699999998,4688.25,164.832,17775.063,74228.871,5142.626,5190.658999999999,3155.448000000001,9625.974000000002,5134.364000000001,1971.9859999999999,99812.18900000001,16280.638000000004
2019-04-21,3708.43,65362.13699999998,4688.25,164.832,17775.063,74228.871,5142.626,5190.658999999999,3155.448000000001,9625.974000000002,5134.364000000001,1971.9859999999999,99812.18900000001,16280.638000000004
2019-04-22,3708.43,65362.13699999998,4688.25,164.832,17775.063,74228.871,5142.626,5190.658999999999,3155.448000000001,9625.974000000002,5134.364000000001,1971.9859999999999,99812.18900000001,16280.638000000004
2019-04-23,3672.7110000000002,65029.37399999999,4481.075999999999,164.832,17775.063,74228.871,5142.626,4928.466,3155.448000000001,9348.479000000001,5134.364000000001,1971.9859999999999,99497.40000000002,16169.507000000003
2019-04-24,3654.795,65003.32699999999,4393.664999999999,164.832,17775.063,74228.871,5142.626,5088.965999999999,3155.448000000001,9677.979000000001,5163.964000000001,1971.9859999999999,96130.63,16130.081000000004
2019-04-25,3511.2940000000003,59868.12399999999,4393.664999999999,164.832,17693.753000000004,74228.871,5658.626,5088.965999999999,3155.448000000001,9605.739000000001,5163.964000000001,1971.9859999999999,90703.83,15820.705000000004
2019-04-26,3493.3960000000006,59753.003999999986,4147.5779999999995,164.832,17693.753000000004,74481.563,5658.626,5088.965999999999,3119.3170000000005,9605.739000000001,5163.964000000001,1971.9859999999999,90703.83,15748.912000000004
2019-04-27,3290.7280000000005,58979.289999999986,4094.704,164.832,17693.753000000004,74481.563,5658.626,4999.673,3087.7450000000003,9490.888,5034.242000000001,1971.9859999999999,90703.83,15584.152000000004
2019-04-28,3290.7280000000005,58979.289999999986,4094.704,164.832,17693.753000000004,74481.563,5658.626,4999.673,3087.7450000000003,9490.888,5034.242000000001,1971.9859999999999,90703.83,15584.152000000004
2019-04-29,3290.7280000000005,58979.289999999986,4094.704,164.832,17693.753000000004,74481.563,5658.626,4999.673,3087.7450000000003,9490.888,5034.242000000001,1971.9859999999999,90703.83,15584.152000000004
2019-04-30,3290.7280000000005,58121.19799999999,4004.068,164.832,17693.753000000004,74481.563,5658.626,4973.865,3087.7450000000003,9490.888,5034.242000000001,1971.9859999999999,90703.83,15560.817000000005
2019-05-01,3254.3760000000007,56820.53399999999,3986.444,164.832,17693.753000000004,74481.563,5641.943,4891.861,3083.007,9404.888,5034.242000000001,1971.9859999999999,90649.879,15503.296000000004
2019-05-02,3218.6750000000006,55814.83499999999,3930.734,164.832,17693.753000000004,74481.563,5550.382,5102.660999999999,3074.6260000000007,9458.888,5188.442000000001,1971.9859999999999,90859.738,15428.514000000003
2019-05-03,3251.9270000000006,56815.43,4451.724999999999,164.832,17660.683,72342.672,5471.382,4987.8189999999995,3022.3860000000004,9450.612000000001,5088.055000000001,1971.9859999999999,85603.604,15286.066000000003
2019-05-04,3143.310000000001,59399.651999999995,4347.256,164.832,17221.733000000004,72342.672,5471.382,4937.131,3014.8560000000007,9473.570000000002,5033.225000000001,1971.9859999999999,85321.02,15315.547000000002
2019-05-05,3143.310000000001,59399.651999999995,4347.256,164.832,17221.733000000004,72342.672,5471.382,4937.131,3014.8560000000007,9473.570000000002,5033.225000000001,1971.9859999999999,85321.02,15315.547000000002
2019-05-06,3143.310000000001,59399.651999999995,4347.256,164.832,17221.733000000004,72342.672,5471.382,4937.131,3014.8560000000007,9473.570000000002,5033.225000000001,1971.9859999999999,85321.02,15315.547000000002
2019-05-07,3143.310000000001,59047.40099999999,4405.505999999999,164.832,17163.860000000004,69915.81,5471.382,4916.341,3010.118000000001,9400.793000000001,5033.225000000001,1971.9859999999999,85321.02,15218.520000000002
2019-05-08,3143.310000000001,59289.585999999996,4391.5779999999995,164.832,17163.860000000004,74441.25,5300.754,4881.691,2984.6610000000005,9400.793000000001,4951.651000000002,1971.9859999999999,84293.93299999999,15156.676000000003
2019-05-09,3143.310000000001,54997.477,4391.5779999999995,164.832,16730.885000000002,74441.25,5300.754,4744.058,2831.5620000000004,8542.970000000001,4623.993,1971.9859999999999,79889.01499999998,14890.577000000003
2019-05-10,3143.310000000001,54853.121999999996,4659.078,164.832,16745.277000000002,74441.25,5300.754,4744.058,2831.5620000000004,8542.970000000001,4584.898000000001,1971.9859999999999,79889.01499999998,14890.577000000003
2019-05-11,3107.1570000000006,55704.586,4659.078,164.832,15821.028,73978.787,5300.754,4744.058,2822.75,8542.970000000001,4581.638000000001,1971.9859999999999,79889.01499999998,14899.442000000005
2019-05-12,3107.1570000000006,55704.586,4659.078,164.832,15821.028,73978.787,5300.754,4744.058,2822.75,8542.970000000001,4581.638000000001,1971.9859999999999,79889.01499999998,14899.442000000005
2019-05-13,3107.1570000000006,55704.586,4659.078,164.832,15821.028,73978.787,5300.754,4744.058,2822.75,8542.970000000001,4581.638000000001,1971.9859999999999,79889.01499999998,14899.442000000005
2019-05-14,3107.1570000000006,55634.734000000004,4659.078,164.832,19633.077999999998,72701.491,5300.754,4551.298,2834.3,8987.309000000001,4635.0380000000005,1971.9859999999999,79889.01499999998,16192.594000000005
2019-05-15,3071.3250000000007,54315.96,4721.435,164.832,19633.077999999998,78620.401,5300.754,4537.438,2834.3,8941.512,4617.158,1971.9859999999999,122124.187,16158.613000000003
2019-05-16,3071.3250000000007,54200.619,4721.435,159.68099999999998,19633.077999999998,76448.99799999999,5300.754,4537.438,2834.3,8941.512,4617.158,1971.9859999999999,122124.187,16145.790000000003
2019-05-17,3071.3250000000007,53771.66500000001,4721.435,159.68099999999998,19633.077999999998,74022.136,5300.754,4530.508,2834.3,8807.901000000002,4617.158,1971.9859999999999,122124.187,15741.375000000002
2019-05-18,3034.653000000001,53208.164,4721.435,159.68099999999998,19591.74,73952.21399999999,5300.754,4530.508,2834.3,8741.647,4617.158,1971.9859999999999,122124.187,15557.860000000002
2019-05-19,3034.653000000001,53208.164,4721.435,159.68099999999998,19591.74,73952.21399999999,5300.754,4530.508,2834.3,8741.647,4617.158,1971.9859999999999,122124.187,15557.860000000002
2019-05-20,3034.653000000001,53208.164,4721.435,159.68099999999998,19591.74,73952.21399999999,5300.754,4530.508,2834.3,8741.647,4617.158,1971.9859999999999,122124.187,15557.860000000002
2019-05-21,2282.4640000000004,107371.015,4636.251,154.53,19591.74,86347.33899999999,5526.554,4521.7480000000005,2828.899,8731.735,4487.419000000001,1971.9859999999999,119425.33600000001,15557.860000000002
2019-05-22,2282.4640000000004,102426.13399999999,5025.451,154.53,19591.74,86347.33899999999,5526.554,4521.7480000000005,2828.899,8731.735,4487.419000000001,1971.9859999999999,117090.45900000003,15385.000000000002
2019-05-23,2245.2500000000005,100080.58,4926.342000000001,154.53,19591.74,86347.33899999999,5526.554,4412.348,2770.353,8294.053,4448.324,1971.9859999999999,117090.45900000003,15317.210000000005
2019-05-24,2245.2500000000005,100025.44800000002,4897.213,154.53,19591.74,86347.33899999999,5526.554,4412.348,2770.353,8294.053,4448.324,1971.9859999999999,117090.45900000003,15317.210000000005
2019-05-25,2173.5430000000006,98976.312,4782.932,154.53,18882.255,86347.33899999999,5526.554,4170.6179999999995,2770.353,8482.453,4448.324,1496.223,114341.13600000003,15161.945000000002
2019-05-26,2173.5430000000006,98976.312,4782.932,154.53,18882.255,86347.33899999999,5526.554,4170.6179999999995,2770.353,8482.453,4448.324,1496.223,114341.13600000003,15161.945000000002
2019-05-27,2173.5430000000006,98976.312,4782.932,154.53,18882.255,86347.33899999999,5526.554,4170.6179999999995,2770.353,8482.453,4448.324,1496.223,114341.13600000003,15161.945000000002
2019-05-28,2173.5430000000006,98976.312,4782.932,154.53,18882.255,86347.33899999999,5526.554,4170.6179999999995,2770.353,8482.453,4448.324,1496.223,114341.13600000003,15161.945000000002
2019-05-29,2173.5430000000006,98404.712,4663.996,154.53,18752.151,91492.49799999999,5526.554,4304.197999999999,2770.353,8434.453,4448.324,1496.223,114536.061,15149.778
2019-05-30,2173.5430000000006,101292.48100000001,4663.996,154.53,18752.151,90719.11899999999,5526.554,4163.581999999999,2686.853,8259.532,4448.324,1496.223,110812.972,15102.063
2019-05-31,2061.9020000000005,99475.99900000003,4663.996,154.53,18752.151,90719.11899999999,5526.554,4163.581999999999,2686.853,8259.532,4448.324,1496.223,110812.972,15094.682999999999
2019-06-01,2061.9020000000005,98886.86500000002,4598.693,154.53,18752.151,90719.11899999999,5417.354,4163.581999999999,2661.073,8259.532,4448.324,1496.223,110812.972,14921.678999999998
2019-06-02,2061.9020000000005,98886.86500000002,4598.693,154.53,18752.151,90719.11899999999,5417.354,4163.581999999999,2661.073,8259.532,4448.324,1496.223,110812.972,14921.678999999998
2019-06-03,2061.9020000000005,98886.86500000002,4598.693,154.53,18752.151,90719.11899999999,5417.354,4163.581999999999,2661.073,8259.532,4448.324,1496.223,110812.972,14921.678999999998
2019-06-04,2043.9870000000005,98734.17000000001,4517.063999999999,154.53,18404.913000000004,90719.11899999999,5417.354,4163.581999999999,2656.3349999999996,8259.532,4438.464,1496.223,110812.972,14902.015000000001
2019-06-05,2008.1560000000004,98059.18500000001,4486.9929999999995,154.53,17600.817000000003,89153.799,6079.354,4104.882,2656.3349999999996,8229.692,4438.464,1496.223,110812.972,14785.162000000002
2019-06-06,2044.5510000000004,101596.52,4705.929999999999,154.53,17551.212000000003,94894.599,6079.354,4104.882,2711.8529999999996,8255.792,4431.481,1496.223,110085.974,14785.162000000002
2019-06-07,2026.6350000000007,98826.662,4705.929999999999,154.53,17551.212000000003,94894.599,6079.354,3816.495,2711.8529999999996,7648.304999999999,4031.0409999999997,2090.735,103491.14100000002,14785.162000000002
2019-06-08,2026.6350000000007,99623.93899999998,4873.169999999999,154.53,17551.212000000003,94894.599,6079.354,3816.495,2711.8529999999996,7648.304999999999,3990.2539999999995,2090.735,103227.23100000001,14563.714000000002
2019-06-09,2026.6350000000007,99623.93899999998,4873.169999999999,154.53,17551.212000000003,94894.599,6079.354,3816.495,2711.8529999999996,7648.304999999999,3990.2539999999995,2090.735,103227.23100000001,14563.714000000002
2019-06-10,2026.6350000000007,99623.93899999998,4873.169999999999,154.53,17551.212000000003,94894.599,6079.354,3816.495,2711.8529999999996,7648.304999999999,3990.2539999999995,2090.735,103227.23100000001,14563.714000000002
2019-06-11,4361.325,99297.74699999997,4717.172,154.53,17294.917,92871.916,6016.354,3610.0150000000003,2711.8529999999996,7641.407999999999,3926.4069999999992,2090.735,103017.87100000003,14571.802000000001
2019-06-12,4303.565,98509.83499999996,4684.2789999999995,154.53,17377.593000000004,92871.916,5950.1539999999995,3126.79,2711.8529999999996,7241.389999999999,3926.4069999999992,2090.735,103017.87100000003,14533.545
2019-06-13,4246.294,97993.74799999996,4667.831999999999,154.53,16942.946000000004,92812.42499999999,5950.1539999999995,3443.74,2711.8529999999996,7560.989999999999,4178.006999999999,2090.735,102756.17100000002,14472.794
2019-06-14,4084.063,93085.56499999999,4919.371999999999,154.53,16909.876000000004,92812.42499999999,5824.6539999999995,3443.74,2623.8189999999995,7482.640999999999,4144.206999999999,2090.735,96161.338,18327.675000000007
2019-06-15,4084.063,92906.23599999998,4919.371999999999,154.53,16667.057,92812.42499999999,5824.6539999999995,3430.9529999999995,2619.4129999999996,7434.640999999999,4144.206999999999,2047.211,96161.338,17898.283000000003
2019-06-16,4084.063,92906.23599999998,4919.371999999999,154.53,16667.057,92812.42499999999,5824.6539999999995,3430.9529999999995,2619.4129999999996,7434.640999999999,4144.206999999999,2047.211,96161.338,17898.283000000003
2019-06-17,4084.063,92906.23599999998,4919.371999999999,154.53,16667.057,92812.42499999999,5824.6539999999995,3430.9529999999995,2619.4129999999996,7434.640999999999,4144.206999999999,2047.211,96161.338,17898.283000000003
2019-06-18,4084.063,90572.17299999998,4853.299,154.53,16476.903000000002,92812.42499999999,5775.354,2955.692,2548.346,7434.640999999999,4006.1489999999994,2047.211,96161.338,17644.06
2019-06-19,4084.063,88881.13099999998,4838.264,154.53,16450.881,92812.42499999999,5481.853999999999,2906.515,2460.527,7182.640999999999,3845.309999999999,2047.211,96161.338,17644.06
2019-06-20,4084.063,88247.509,4784.000999999999,154.53,16450.881,92459.252,5454.048,2765.5150000000003,2126.308,6726.552999999999,3797.1709999999994,2047.211,93351.02199999998,17594.541
2019-06-21,4084.063,90839.003,4784.000999999999,154.53,18669.071000000004,92459.252,5454.048,2565.164,2126.308,6637.552999999999,3797.1709999999994,2047.211,93351.02199999998,18589.174000000006
2019-06-22,4065.507,90381.294,4756.825,154.53,18669.071000000004,92459.252,5454.048,3937.245,2126.308,7261.034999999999,4009.4769999999994,2047.211,93351.02199999998,18589.174000000006
2019-06-23,4065.507,90381.294,4756.825,154.53,18669.071000000004,92459.252,5454.048,3937.245,2126.308,7261.034999999999,4009.4769999999994,2047.211,93351.02199999998,18589.174000000006
2019-06-24,4065.507,90381.294,4756.825,154.53,18669.071000000004,92459.252,5454.048,3937.245,2126.308,7261.034999999999,4009.4769999999994,2047.211,93351.02199999998,18589.174000000006
2019-06-25,4065.507,87340.98199999997,4756.825,154.53,18669.071000000004,92459.252,5339.137,5989.5650000000005,2570.0099999999998,8572.042,4559.777,2047.211,93351.02199999998,18545.869000000006
2019-06-26,4028.947,84812.41799999998,4756.825,154.53,18669.071000000004,92459.252,5350.259,5989.5650000000005,2570.0099999999998,8519.756,4559.777,2047.211,93298.68199999999,18516.365000000005
2019-06-27,4028.947,84307.08799999999,4723.789,154.53,18669.071000000004,91022.18299999999,5350.259,5989.5650000000005,2567.3039999999996,8519.756,4559.777,2047.211,92565.92299999997,18165.695000000003
2019-06-28,3992.494,83202.31399999998,4636.3,154.53,18685.11,88999.50099999999,5350.259,4880.557000000001,2550.828,8519.756,4303.887,2047.211,92565.92299999997,18118.109
2019-06-29,3880.8530000000005,80116.54799999998,4531.406,154.53,18659.519,88999.50099999999,5350.259,4847.755,2544.718,7890.886999999999,3935.448999999999,1964.995,82256.81099999997,17948.252
2019-06-30,3880.8530000000005,80116.54799999998,4531.406,154.53,18659.519,88999.50099999999,5350.259,4847.755,2544.718,7890.886999999999,3935.448999999999,1964.995,82256.81099999997,17948.252
2019-07-01,3880.8530000000005,80116.54799999998,4531.406,154.53,18659.519,88999.50099999999,5350.259,4847.755,2544.718,7890.886999999999,3935.448999999999,1964.995,82256.81099999997,17948.252
2019-07-02,3844.947,82432.425,4531.406,154.53,18630.735,88999.50099999999,5350.259,4847.755,2544.718,7890.886999999999,3935.4069999999992,1964.995,82256.81099999997,17902.479
2019-07-03,3844.947,81920.674,4501.335,149.379,18630.735,88999.50099999999,5350.259,5028.955,2575.8379999999997,7829.037999999999,4111.182,2963.165,80489.09699999997,17726.429999999997
2019-07-04,3844.947,84046.92600000002,4451.78,149.379,18630.735,86843.89799999999,5350.259,5088.737999999999,2550.381,7747.158999999999,5044.486000000001,2963.165,79740.34599999998,17602.142999999996
2019-07-05,3844.947,84046.92600000002,4451.78,149.379,18630.735,86843.89799999999,5350.259,5088.737999999999,2550.381,7747.158999999999,5044.486000000001,2963.165,79740.34599999998,17602.142999999996
2019-07-06,3844.947,84046.92600000002,4451.78,149.379,18630.735,86843.89799999999,5350.259,5088.737999999999,2550.381,7747.158999999999,5044.486000000001,2963.165,79740.34599999998,17602.142999999996
2019-07-07,3844.947,84046.92600000002,4451.78,149.379,18630.735,86843.89799999999,5350.259,5088.737999999999,2550.381,7747.158999999999,5044.486000000001,2963.165,79740.34599999998,17602.142999999996
2019-07-08,3844.947,84046.92600000002,4451.78,149.379,18630.735,86843.89799999999,5350.259,5088.737999999999,2550.381,7747.158999999999,5044.486000000001,2963.165,79740.34599999998,17602.142999999996
2019-07-09,3805.252,84183.89000000001,4393.522,149.379,18630.735,83732.55299999999,5339.137,5170.562999999999,2547.6749999999997,8074.872999999999,5151.886,2963.165,78628.38799999999,17446.840999999997
2019-07-10,3805.252,84114.73700000001,4343.197,149.379,18630.735,83732.55299999999,5339.137,5170.562999999999,2547.6749999999997,8074.872999999999,5151.886,2963.165,78628.38799999999,17393.719999999994
2019-07-11,3805.252,82322.217,4897.893,149.379,18630.735,82780.70199999999,6049.637000000001,5170.562999999999,2547.6749999999997,8074.872999999999,5070.483000000001,2963.165,72372.41299999999,17263.961
2019-07-12,3786.645,82115.641,4849.090999999999,149.379,18630.735,82780.70199999999,6049.637000000001,4850.461999999999,2542.9359999999997,7922.742999999999,5041.775000000001,2963.165,72372.41299999999,17183.290999999997
2019-07-13,3786.645,81938.416,4798.556,149.379,18630.735,82780.70199999999,5706.579,4850.461999999999,2386.7449999999994,7922.742999999999,5004.593000000001,2963.165,110463.67499999997,17062.780999999995
2019-07-14,3786.645,81938.416,4798.556,149.379,18630.735,82780.70199999999,5706.579,4850.461999999999,2386.7449999999994,7922.742999999999,5004.593000000001,2963.165,110463.67499999997,17062.780999999995
2019-07-15,3786.645,81938.416,4798.556,149.379,18630.735,82780.70199999999,5706.579,4850.461999999999,2386.7449999999994,7922.742999999999,5004.593000000001,2963.165,110463.67499999997,17062.780999999995
2019-07-16,3786.645,81341.985,5235.944,149.379,18630.735,82780.70199999999,5706.579,4842.322999999999,2386.7449999999994,7915.843999999999,5004.593000000001,2963.165,110463.67499999997,17052.397999999997
2019-07-17,3656.3320000000003,81084.53,5197.944,149.379,18630.735,82780.70199999999,5706.579,4842.322999999999,2386.7449999999994,7603.065999999999,5004.593000000001,2963.165,106405.60699999997,17019.744999999995
2019-07-18,3656.3320000000003,81014.901,5197.944,149.379,18630.735,82780.70199999999,5706.579,4816.806,2386.7449999999994,7603.065999999999,5004.330000000002,2963.165,106405.60699999997,17006.934999999998
2019-07-19,3619.7720000000004,79977.61899999999,5197.944,149.379,18630.735,82780.70199999999,6129.579,4797.1939999999995,2382.1029999999996,7705.230999999999,5060.130000000001,2963.165,104887.162,16868.717999999997
2019-07-20,3601.8120000000004,79462.70700000001,4931.152,149.379,18630.735,82780.70199999999,6101.773,4764.129999999999,2363.149,7615.451999999999,5060.130000000001,2963.165,90421.70400000001,16789.162999999993
2019-07-21,3601.8120000000004,79462.70700000001,4931.152,149.379,18630.735,82780.70199999999,6101.773,4764.129999999999,2363.149,7615.451999999999,5060.130000000001,2963.165,90421.70400000001,16789.162999999993
2019-07-22,3601.8120000000004,79462.70700000001,4931.152,149.379,18630.735,82780.70199999999,6101.773,4764.129999999999,2363.149,7615.451999999999,5060.130000000001,2963.165,90421.70400000001,16789.162999999993
2019-07-23,3583.859000000001,76616.36800000002,4931.152,149.379,18627.885000000002,80698.52799999999,6101.773,4702.527999999998,2363.149,7574.951999999999,5017.482000000001,2963.165,90682.65199999999,16786.064999999995
2019-07-24,3470.2640000000006,75835.24500000001,4931.152,149.379,18627.885000000002,80698.52799999999,6024.451,4672.994999999999,2363.149,7420.951999999999,5017.482000000001,2963.165,90682.65199999999,16528.983999999997
2019-07-25,3470.2640000000006,81175.87599999999,4765.958,149.379,18627.885000000002,80698.52799999999,6024.451,4576.289999999999,2481.446999999999,8740.343,5126.1320000000005,2963.165,90682.65199999999,16414.696
2019-07-26,3470.2640000000006,87447.37900000002,4702.2660000000005,149.379,18179.151,80698.52799999999,5915.251,4456.512999999999,2456.7649999999994,8525.223000000002,5003.8150000000005,2963.165,90160.542,16357.876999999997
2019-07-27,3433.704000000001,86810.48,4702.2660000000005,149.379,18168.709,80698.52799999999,5915.251,4323.359,2451.9379999999996,8277.972000000002,5003.8150000000005,2963.165,82668.42899999999,16238.170999999998
2019-07-28,3433.704000000001,86810.48,4702.2660000000005,149.379,18168.709,80698.52799999999,5915.251,4323.359,2451.9379999999996,8277.972000000002,5003.8150000000005,2963.165,82668.42899999999,16238.170999999998
2019-07-29,3433.704000000001,86810.48,4702.2660000000005,149.379,18168.709,80698.52799999999,5915.251,4323.359,2451.9379999999996,8277.972000000002,5003.8150000000005,2963.165,82668.42899999999,16238.170999999998
2019-07-30,3128.4470000000006,87111.266,4617.1269999999995,149.379,18168.709,78173.81799999998,5915.251,4155.662,2451.9379999999996,8894.472000000002,5075.476000000001,2963.165,76461.602,16008.969999999998
2019-07-31,3109.8910000000005,87111.266,4600.899,149.379,18168.709,78173.81799999998,5915.251,4066.799000000001,2451.9379999999996,8847.972000000002,5075.476000000001,2963.165,121857.93999999999,15919.200999999997
2019-08-01,3055.021,81883.213,4450.804999999999,149.379,18147.1,78173.81799999998,5915.251,4245.076999999999,2448.0869999999995,9223.472000000002,4999.606000000001,2963.165,116264.29899999998,15750.042
2019-08-02,3055.021,81157.327,4718.176,149.379,18040.704999999998,78173.81799999998,5915.251,4231.851,2448.0869999999995,9153.584,4961.5740000000005,2963.165,115606.0,15747.671999999997
2019-08-03,3055.021,80604.929,4925.6759999999995,149.379,18040.704999999998,78173.81799999998,5915.251,4234.436,2361.1069999999995,7911.769,4965.841,2963.165,111215.187,15720.704999999996
